Academic Reputation,SCORE,SCORE,Citations per Paper,SCORE,SCORE,H-index Citations,SCORE,SCORE,Employer Reputation,SCORE,SCORE,LOCATION,OVERALL SCORE,# RANK,# RANK,REGION,STARS,UNIVERSITY
"<div class=""td-wrap""><div class=""td-wrap-in"">100</div></div>",1,"<div class=""td-wrap""><div class=""td-wrap-in""><div class=""bg ""><span class=""rank "">1</span></div></div></div>","<div class=""td-wrap""><div class=""td-wrap-in"">85.6</div></div>",19,"<div class=""td-wrap""><div class=""td-wrap-in""><div class=""bg ""><span class=""rank "">19</span></div></div></div>","<div class=""td-wrap""><div class=""td-wrap-in"">82.9</div></div>",19,"<div class=""td-wrap""><div class=""td-wrap-in""><div class=""bg ""><span class=""rank "">=18</span></div></div></div>","<div class=""td-wrap""><div class=""td-wrap-in"">84.2</div></div>",14,"<div class=""td-wrap""><div class=""td-wrap-in""><div class=""bg ""><span class=""rank "">14</span></div></div></div>",Canada,"<div class=""td-wrap""><div class=""td-wrap-in"">95.4</div></div>",1,"<div class=""td-wrap""><div class=""td-wrap-in""><div class=""bg ""><span class=""rank "">1</span></div></div></div>",North America,,"<div class=""td-wrap""><div class=""td-wrap-in""><a href=""/universities/university-british-columbia"">University of British Columbia</a></div></div>"
"<div class=""td-wrap""><div class=""td-wrap-in"">93.9</div></div>",3,"<div class=""td-wrap""><div class=""td-wrap-in""><div class=""bg ""><span class=""rank "">3</span></div></div></div>","<div class=""td-wrap""><div class=""td-wrap-in"">94.8</div></div>",6,"<div class=""td-wrap""><div class=""td-wrap-in""><div class=""bg ""><span class=""rank "">6</span></div></div></div>","<div class=""td-wrap""><div class=""td-wrap-in"">92.6</div></div>",4,"<div class=""td-wrap""><div class=""td-wrap-in""><div class=""bg ""><span class=""rank "">=4</span></div></div></div>","<div class=""td-wrap""><div class=""td-wrap-in"">81.6</div></div>",17,"<div class=""td-wrap""><div class=""td-wrap-in""><div class=""bg ""><span class=""rank "">17</span></div></div></div>",United Kingdom,"<div class=""td-wrap""><div class=""td-wrap-in"">92.7</div></div>",2,"<div class=""td-wrap""><div class=""td-wrap-in""><div class=""bg ""><span class=""rank "">2</span></div></div></div>",Europe,,"<div class=""td-wrap""><div class=""td-wrap-in""><a href=""/universities/university-sheffield"">The University of Sheffield</a></div></div>"
"<div class=""td-wrap""><div class=""td-wrap-in"">92.4</div></div>",5,"<div class=""td-wrap""><div class=""td-wrap-in""><div class=""bg ""><span class=""rank "">5</span></div></div></div>","<div class=""td-wrap""><div class=""td-wrap-in"">92.3</div></div>",9,"<div class=""td-wrap""><div class=""td-wrap-in""><div class=""bg ""><span class=""rank "">9</span></div></div></div>","<div class=""td-wrap""><div class=""td-wrap-in"">91.5</div></div>",6,"<div class=""td-wrap""><div class=""td-wrap-in""><div class=""bg ""><span class=""rank "">6</span></div></div></div>","<div class=""td-wrap""><div class=""td-wrap-in"">87.6</div></div>",10,"<div class=""td-wrap""><div class=""td-wrap-in""><div class=""bg ""><span class=""rank "">10</span></div></div></div>",Canada,"<div class=""td-wrap""><div class=""td-wrap-in"">91.9</div></div>",3,"<div class=""td-wrap""><div class=""td-wrap-in""><div class=""bg ""><span class=""rank "">3</span></div></div></div>",North America,,"<div class=""td-wrap""><div class=""td-wrap-in""><a href=""/universities/university-toronto"">University of Toronto</a></div></div>"
"<div class=""td-wrap""><div class=""td-wrap-in"">94.2</div></div>",2,"<div class=""td-wrap""><div class=""td-wrap-in""><div class=""bg ""><span class=""rank "">2</span></div></div></div>","<div class=""td-wrap""><div class=""td-wrap-in"">88.3</div></div>",14,"<div class=""td-wrap""><div class=""td-wrap-in""><div class=""bg ""><span class=""rank "">14</span></div></div></div>","<div class=""td-wrap""><div class=""td-wrap-in"">100</div></div>",1,"<div class=""td-wrap""><div class=""td-wrap-in""><div class=""bg ""><span class=""rank "">1</span></div></div></div>","<div class=""td-wrap""><div class=""td-wrap-in"">56.2</div></div>",48,"<div class=""td-wrap""><div class=""td-wrap-in""><div class=""bg ""><span class=""rank "">48</span></div></div></div>",United States,"<div class=""td-wrap""><div class=""td-wrap-in"">89.8</div></div>",4,"<div class=""td-wrap""><div class=""td-wrap-in""><div class=""bg ""><span class=""rank "">4</span></div></div></div>",North America,,"<div class=""td-wrap""><div class=""td-wrap-in""><a href=""/universities/university-illinois-urbana-champaign"">University of Illinois at Urbana-Champaign</a></div></div>"
"<div class=""td-wrap""><div class=""td-wrap-in"">90.8</div></div>",6,"<div class=""td-wrap""><div class=""td-wrap-in""><div class=""bg ""><span class=""rank "">6</span></div></div></div>","<div class=""td-wrap""><div class=""td-wrap-in"">87.2</div></div>",15,"<div class=""td-wrap""><div class=""td-wrap-in""><div class=""bg ""><span class=""rank "">15</span></div></div></div>","<div class=""td-wrap""><div class=""td-wrap-in"">92.6</div></div>",5,"<div class=""td-wrap""><div class=""td-wrap-in""><div class=""bg ""><span class=""rank "">=4</span></div></div></div>","<div class=""td-wrap""><div class=""td-wrap-in"">68.8</div></div>",33,"<div class=""td-wrap""><div class=""td-wrap-in""><div class=""bg ""><span class=""rank "">33</span></div></div></div>",United States,"<div class=""td-wrap""><div class=""td-wrap-in"">88.2</div></div>",5,"<div class=""td-wrap""><div class=""td-wrap-in""><div class=""bg ""><span class=""rank "">5</span></div></div></div>",North America,,"<div class=""td-wrap""><div class=""td-wrap-in""><a href=""/universities/university-north-carolina-chapel-hill"">University of North Carolina, Chapel Hill</a></div></div>"
"<div class=""td-wrap""><div class=""td-wrap-in"">93.7</div></div>",4,"<div class=""td-wrap""><div class=""td-wrap-in""><div class=""bg ""><span class=""rank "">4</span></div></div></div>","<div class=""td-wrap""><div class=""td-wrap-in"">81.7</div></div>",24,"<div class=""td-wrap""><div class=""td-wrap-in""><div class=""bg ""><span class=""rank "">24</span></div></div></div>","<div class=""td-wrap""><div class=""td-wrap-in"">81.5</div></div>",24,"<div class=""td-wrap""><div class=""td-wrap-in""><div class=""bg ""><span class=""rank "">=22</span></div></div></div>","<div class=""td-wrap""><div class=""td-wrap-in"">56.4</div></div>",45,"<div class=""td-wrap""><div class=""td-wrap-in""><div class=""bg ""><span class=""rank "">=45</span></div></div></div>",United States,"<div class=""td-wrap""><div class=""td-wrap-in"">87.6</div></div>",6,"<div class=""td-wrap""><div class=""td-wrap-in""><div class=""bg ""><span class=""rank "">6</span></div></div></div>",North America,,"<div class=""td-wrap""><div class=""td-wrap-in""><a href=""/universities/syracuse-university"">Syracuse University</a></div></div>"
"<div class=""td-wrap""><div class=""td-wrap-in"">88.3</div></div>",7,"<div class=""td-wrap""><div class=""td-wrap-in""><div class=""bg ""><span class=""rank "">7</span></div></div></div>","<div class=""td-wrap""><div class=""td-wrap-in"">93.5</div></div>",7,"<div class=""td-wrap""><div class=""td-wrap-in""><div class=""bg ""><span class=""rank "">7</span></div></div></div>","<div class=""td-wrap""><div class=""td-wrap-in"">88.1</div></div>",12,"<div class=""td-wrap""><div class=""td-wrap-in""><div class=""bg ""><span class=""rank "">=10</span></div></div></div>","<div class=""td-wrap""><div class=""td-wrap-in"">71.3</div></div>",28,"<div class=""td-wrap""><div class=""td-wrap-in""><div class=""bg ""><span class=""rank "">28</span></div></div></div>",United States,"<div class=""td-wrap""><div class=""td-wrap-in"">87.4</div></div>",7,"<div class=""td-wrap""><div class=""td-wrap-in""><div class=""bg ""><span class=""rank "">7</span></div></div></div>",North America,,"<div class=""td-wrap""><div class=""td-wrap-in""><a href=""/universities/university-washington"">University of Washington</a></div></div>"
"<div class=""td-wrap""><div class=""td-wrap-in"">86.2</div></div>",8,"<div class=""td-wrap""><div class=""td-wrap-in""><div class=""bg ""><span class=""rank "">8</span></div></div></div>","<div class=""td-wrap""><div class=""td-wrap-in"">93.2</div></div>",8,"<div class=""td-wrap""><div class=""td-wrap-in""><div class=""bg ""><span class=""rank "">8</span></div></div></div>","<div class=""td-wrap""><div class=""td-wrap-in"">95.5</div></div>",2,"<div class=""td-wrap""><div class=""td-wrap-in""><div class=""bg ""><span class=""rank "">2</span></div></div></div>","<div class=""td-wrap""><div class=""td-wrap-in"">55.6</div></div>",49,"<div class=""td-wrap""><div class=""td-wrap-in""><div class=""bg ""><span class=""rank "">49</span></div></div></div>",United States,"<div class=""td-wrap""><div class=""td-wrap-in"">84.7</div></div>",8,"<div class=""td-wrap""><div class=""td-wrap-in""><div class=""bg ""><span class=""rank "">8</span></div></div></div>",North America,,"<div class=""td-wrap""><div class=""td-wrap-in""><a href=""/universities/indiana-university-bloomington"">Indiana University Bloomington</a></div></div>"
"<div class=""td-wrap""><div class=""td-wrap-in"">79.4</div></div>",10,"<div class=""td-wrap""><div class=""td-wrap-in""><div class=""bg ""><span class=""rank "">10</span></div></div></div>","<div class=""td-wrap""><div class=""td-wrap-in"">79.9</div></div>",26,"<div class=""td-wrap""><div class=""td-wrap-in""><div class=""bg ""><span class=""rank "">26</span></div></div></div>","<div class=""td-wrap""><div class=""td-wrap-in"">85.6</div></div>",13,"<div class=""td-wrap""><div class=""td-wrap-in""><div class=""bg ""><span class=""rank "">=13</span></div></div></div>","<div class=""td-wrap""><div class=""td-wrap-in"">90.1</div></div>",6,"<div class=""td-wrap""><div class=""td-wrap-in""><div class=""bg ""><span class=""rank "">6</span></div></div></div>",United Kingdom,"<div class=""td-wrap""><div class=""td-wrap-in"">80.9</div></div>",9,"<div class=""td-wrap""><div class=""td-wrap-in""><div class=""bg ""><span class=""rank "">9</span></div></div></div>",Europe,6,"<div class=""td-wrap""><div class=""td-wrap-in""><a href=""/universities/loughborough-university"">Loughborough University</a></div></div>"
"<div class=""td-wrap""><div class=""td-wrap-in"">74.8</div></div>",13,"<div class=""td-wrap""><div class=""td-wrap-in""><div class=""bg ""><span class=""rank "">13</span></div></div></div>","<div class=""td-wrap""><div class=""td-wrap-in"">96.4</div></div>",4,"<div class=""td-wrap""><div class=""td-wrap-in""><div class=""bg ""><span class=""rank "">4</span></div></div></div>","<div class=""td-wrap""><div class=""td-wrap-in"">90.4</div></div>",7,"<div class=""td-wrap""><div class=""td-wrap-in""><div class=""bg ""><span class=""rank "">7</span></div></div></div>","<div class=""td-wrap""><div class=""td-wrap-in"">93.2</div></div>",3,"<div class=""td-wrap""><div class=""td-wrap-in""><div class=""bg ""><span class=""rank "">=2</span></div></div></div>",United States,"<div class=""td-wrap""><div class=""td-wrap-in"">80.7</div></div>",10,"<div class=""td-wrap""><div class=""td-wrap-in""><div class=""bg ""><span class=""rank "">10</span></div></div></div>",North America,,"<div class=""td-wrap""><div class=""td-wrap-in""><a href=""/universities/university-california-berkeley-ucb"">University of California, Berkeley (UCB)</a></div></div>"
"<div class=""td-wrap""><div class=""td-wrap-in"">83.9</div></div>",9,"<div class=""td-wrap""><div class=""td-wrap-in""><div class=""bg ""><span class=""rank "">9</span></div></div></div>","<div class=""td-wrap""><div class=""td-wrap-in"">78</div></div>",31,"<div class=""td-wrap""><div class=""td-wrap-in""><div class=""bg ""><span class=""rank "">31</span></div></div></div>","<div class=""td-wrap""><div class=""td-wrap-in"">76.9</div></div>",30,"<div class=""td-wrap""><div class=""td-wrap-in""><div class=""bg ""><span class=""rank "">=30</span></div></div></div>","<div class=""td-wrap""><div class=""td-wrap-in"">59.3</div></div>",42,"<div class=""td-wrap""><div class=""td-wrap-in""><div class=""bg ""><span class=""rank "">42</span></div></div></div>",United States,"<div class=""td-wrap""><div class=""td-wrap-in"">80.2</div></div>",11,"<div class=""td-wrap""><div class=""td-wrap-in""><div class=""bg ""><span class=""rank "">11</span></div></div></div>",North America,,"<div class=""td-wrap""><div class=""td-wrap-in""><a href=""/universities/rutgers-university-new-brunswick"">Rutgers University–New Brunswick</a></div></div>"
"<div class=""td-wrap""><div class=""td-wrap-in"">77.1</div></div>",11,"<div class=""td-wrap""><div class=""td-wrap-in""><div class=""bg ""><span class=""rank "">11</span></div></div></div>","<div class=""td-wrap""><div class=""td-wrap-in"">85.1</div></div>",20,"<div class=""td-wrap""><div class=""td-wrap-in""><div class=""bg ""><span class=""rank "">20</span></div></div></div>","<div class=""td-wrap""><div class=""td-wrap-in"">85.6</div></div>",14,"<div class=""td-wrap""><div class=""td-wrap-in""><div class=""bg ""><span class=""rank "">=13</span></div></div></div>","<div class=""td-wrap""><div class=""td-wrap-in"">80.1</div></div>",18,"<div class=""td-wrap""><div class=""td-wrap-in""><div class=""bg ""><span class=""rank "">18</span></div></div></div>",Canada,"<div class=""td-wrap""><div class=""td-wrap-in"">79</div></div>",12,"<div class=""td-wrap""><div class=""td-wrap-in""><div class=""bg ""><span class=""rank "">12</span></div></div></div>",North America,,"<div class=""td-wrap""><div class=""td-wrap-in""><a href=""/universities/mcgill-university"">McGill University</a></div></div>"
"<div class=""td-wrap""><div class=""td-wrap-in"">72.6</div></div>",14,"<div class=""td-wrap""><div class=""td-wrap-in""><div class=""bg ""><span class=""rank "">14</span></div></div></div>","<div class=""td-wrap""><div class=""td-wrap-in"">81.8</div></div>",23,"<div class=""td-wrap""><div class=""td-wrap-in""><div class=""bg ""><span class=""rank "">23</span></div></div></div>","<div class=""td-wrap""><div class=""td-wrap-in"">85.6</div></div>",16,"<div class=""td-wrap""><div class=""td-wrap-in""><div class=""bg ""><span class=""rank "">=13</span></div></div></div>","<div class=""td-wrap""><div class=""td-wrap-in"">92.8</div></div>",4,"<div class=""td-wrap""><div class=""td-wrap-in""><div class=""bg ""><span class=""rank "">4</span></div></div></div>",United States,"<div class=""td-wrap""><div class=""td-wrap-in"">76.7</div></div>",13,"<div class=""td-wrap""><div class=""td-wrap-in""><div class=""bg ""><span class=""rank ""><span class=""sign"">=</span>13</span></div></div></div>",North America,,"<div class=""td-wrap""><div class=""td-wrap-in""><a href=""/universities/university-california-los-angeles-ucla"">University of California, Los Angeles (UCLA)</a></div></div>"
"<div class=""td-wrap""><div class=""td-wrap-in"">75.9</div></div>",12,"<div class=""td-wrap""><div class=""td-wrap-in""><div class=""bg ""><span class=""rank "">12</span></div></div></div>","<div class=""td-wrap""><div class=""td-wrap-in"">84</div></div>",21,"<div class=""td-wrap""><div class=""td-wrap-in""><div class=""bg ""><span class=""rank "">21</span></div></div></div>","<div class=""td-wrap""><div class=""td-wrap-in"">82.9</div></div>",20,"<div class=""td-wrap""><div class=""td-wrap-in""><div class=""bg ""><span class=""rank "">=18</span></div></div></div>","<div class=""td-wrap""><div class=""td-wrap-in"">68</div></div>",34,"<div class=""td-wrap""><div class=""td-wrap-in""><div class=""bg ""><span class=""rank "">34</span></div></div></div>",Canada,"<div class=""td-wrap""><div class=""td-wrap-in"">76.7</div></div>",14,"<div class=""td-wrap""><div class=""td-wrap-in""><div class=""bg ""><span class=""rank ""><span class=""sign"">=</span>13</span></div></div></div>",North America,6,"<div class=""td-wrap""><div class=""td-wrap-in""><a href=""/universities/western-university"">Western University</a></div></div>"
"<div class=""td-wrap""><div class=""td-wrap-in"">72.2</div></div>",15,"<div class=""td-wrap""><div class=""td-wrap-in""><div class=""bg ""><span class=""rank "">15</span></div></div></div>","<div class=""td-wrap""><div class=""td-wrap-in"">98</div></div>",3,"<div class=""td-wrap""><div class=""td-wrap-in""><div class=""bg ""><span class=""rank "">3</span></div></div></div>","<div class=""td-wrap""><div class=""td-wrap-in"">88.1</div></div>",11,"<div class=""td-wrap""><div class=""td-wrap-in""><div class=""bg ""><span class=""rank "">=10</span></div></div></div>","<div class=""td-wrap""><div class=""td-wrap-in"">63.6</div></div>",37,"<div class=""td-wrap""><div class=""td-wrap-in""><div class=""bg ""><span class=""rank "">37</span></div></div></div>",United States,"<div class=""td-wrap""><div class=""td-wrap-in"">76</div></div>",15,"<div class=""td-wrap""><div class=""td-wrap-in""><div class=""bg ""><span class=""rank "">15</span></div></div></div>",North America,,"<div class=""td-wrap""><div class=""td-wrap-in""><a href=""/universities/university-pittsburgh"">University of Pittsburgh</a></div></div>"
"<div class=""td-wrap""><div class=""td-wrap-in"">71</div></div>",17,"<div class=""td-wrap""><div class=""td-wrap-in""><div class=""bg ""><span class=""rank "">17</span></div></div></div>","<div class=""td-wrap""><div class=""td-wrap-in"">90.7</div></div>",10,"<div class=""td-wrap""><div class=""td-wrap-in""><div class=""bg ""><span class=""rank "">10</span></div></div></div>","<div class=""td-wrap""><div class=""td-wrap-in"">88.1</div></div>",10,"<div class=""td-wrap""><div class=""td-wrap-in""><div class=""bg ""><span class=""rank "">=10</span></div></div></div>","<div class=""td-wrap""><div class=""td-wrap-in"">72.6</div></div>",24,"<div class=""td-wrap""><div class=""td-wrap-in""><div class=""bg ""><span class=""rank "">=23</span></div></div></div>",United States,"<div class=""td-wrap""><div class=""td-wrap-in"">75</div></div>",16,"<div class=""td-wrap""><div class=""td-wrap-in""><div class=""bg ""><span class=""rank "">16</span></div></div></div>",North America,,"<div class=""td-wrap""><div class=""td-wrap-in""><a href=""/universities/university-michigan-ann-arbor"">University of Michigan-Ann Arbor</a></div></div>"
"<div class=""td-wrap""><div class=""td-wrap-in"">67.4</div></div>",20,"<div class=""td-wrap""><div class=""td-wrap-in""><div class=""bg ""><span class=""rank "">20</span></div></div></div>","<div class=""td-wrap""><div class=""td-wrap-in"">99.3</div></div>",2,"<div class=""td-wrap""><div class=""td-wrap-in""><div class=""bg ""><span class=""rank "">2</span></div></div></div>","<div class=""td-wrap""><div class=""td-wrap-in"">94.6</div></div>",3,"<div class=""td-wrap""><div class=""td-wrap-in""><div class=""bg ""><span class=""rank "">3</span></div></div></div>","<div class=""td-wrap""><div class=""td-wrap-in"">72.5</div></div>",26,"<div class=""td-wrap""><div class=""td-wrap-in""><div class=""bg ""><span class=""rank "">=25</span></div></div></div>",United States,"<div class=""td-wrap""><div class=""td-wrap-in"">74.1</div></div>",17,"<div class=""td-wrap""><div class=""td-wrap-in""><div class=""bg ""><span class=""rank "">17</span></div></div></div>",North America,,"<div class=""td-wrap""><div class=""td-wrap-in""><a href=""/universities/university-texas-austin"">University of Texas at Austin</a></div></div>"
"<div class=""td-wrap""><div class=""td-wrap-in"">67.6</div></div>",19,"<div class=""td-wrap""><div class=""td-wrap-in""><div class=""bg ""><span class=""rank "">19</span></div></div></div>","<div class=""td-wrap""><div class=""td-wrap-in"">88.6</div></div>",12,"<div class=""td-wrap""><div class=""td-wrap-in""><div class=""bg ""><span class=""rank "">=12</span></div></div></div>","<div class=""td-wrap""><div class=""td-wrap-in"">82.9</div></div>",18,"<div class=""td-wrap""><div class=""td-wrap-in""><div class=""bg ""><span class=""rank "">=18</span></div></div></div>","<div class=""td-wrap""><div class=""td-wrap-in"">86.9</div></div>",11,"<div class=""td-wrap""><div class=""td-wrap-in""><div class=""bg ""><span class=""rank "">11</span></div></div></div>",Singapore,"<div class=""td-wrap""><div class=""td-wrap-in"">73.4</div></div>",18,"<div class=""td-wrap""><div class=""td-wrap-in""><div class=""bg ""><span class=""rank "">18</span></div></div></div>",Asia,,"<div class=""td-wrap""><div class=""td-wrap-in""><a href=""/universities/nanyang-technological-university-singapore-ntu"">Nanyang Technological University, Singapore (NTU)</a></div></div>"
"<div class=""td-wrap""><div class=""td-wrap-in"">66.3</div></div>",23,"<div class=""td-wrap""><div class=""td-wrap-in""><div class=""bg ""><span class=""rank "">23</span></div></div></div>","<div class=""td-wrap""><div class=""td-wrap-in"">86.2</div></div>",16,"<div class=""td-wrap""><div class=""td-wrap-in""><div class=""bg ""><span class=""rank "">16</span></div></div></div>","<div class=""td-wrap""><div class=""td-wrap-in"">81.5</div></div>",26,"<div class=""td-wrap""><div class=""td-wrap-in""><div class=""bg ""><span class=""rank "">=22</span></div></div></div>","<div class=""td-wrap""><div class=""td-wrap-in"">72.6</div></div>",23,"<div class=""td-wrap""><div class=""td-wrap-in""><div class=""bg ""><span class=""rank "">=23</span></div></div></div>",Netherlands,"<div class=""td-wrap""><div class=""td-wrap-in"">70.7</div></div>",19,"<div class=""td-wrap""><div class=""td-wrap-in""><div class=""bg ""><span class=""rank "">19</span></div></div></div>",Europe,,"<div class=""td-wrap""><div class=""td-wrap-in""><a href=""/universities/university-amsterdam"">University of Amsterdam</a></div></div>"
"<div class=""td-wrap""><div class=""td-wrap-in"">66.4</div></div>",22,"<div class=""td-wrap""><div class=""td-wrap-in""><div class=""bg ""><span class=""rank "">22</span></div></div></div>","<div class=""td-wrap""><div class=""td-wrap-in"">95.6</div></div>",5,"<div class=""td-wrap""><div class=""td-wrap-in""><div class=""bg ""><span class=""rank "">5</span></div></div></div>","<div class=""td-wrap""><div class=""td-wrap-in"">75.1</div></div>",35,"<div class=""td-wrap""><div class=""td-wrap-in""><div class=""bg ""><span class=""rank "">=32</span></div></div></div>","<div class=""td-wrap""><div class=""td-wrap-in"">52.2</div></div>",50,"<div class=""td-wrap""><div class=""td-wrap-in""><div class=""bg ""><span class=""rank "">50</span></div></div></div>",United States,"<div class=""td-wrap""><div class=""td-wrap-in"">69.8</div></div>",20,"<div class=""td-wrap""><div class=""td-wrap-in""><div class=""bg ""><span class=""rank "">20</span></div></div></div>",North America,,"<div class=""td-wrap""><div class=""td-wrap-in""><a href=""/universities/university-buffalo-suny"">University at Buffalo SUNY</a></div></div>"
"<div class=""td-wrap""><div class=""td-wrap-in"">61.1</div></div>",34,"<div class=""td-wrap""><div class=""td-wrap-in""><div class=""bg ""><span class=""rank "">34</span></div></div></div>","<div class=""td-wrap""><div class=""td-wrap-in"">100</div></div>",1,"<div class=""td-wrap""><div class=""td-wrap-in""><div class=""bg ""><span class=""rank "">1</span></div></div></div>","<div class=""td-wrap""><div class=""td-wrap-in"">89.3</div></div>",8,"<div class=""td-wrap""><div class=""td-wrap-in""><div class=""bg ""><span class=""rank "">=8</span></div></div></div>","<div class=""td-wrap""><div class=""td-wrap-in"">69.1</div></div>",32,"<div class=""td-wrap""><div class=""td-wrap-in""><div class=""bg ""><span class=""rank "">32</span></div></div></div>",United States,"<div class=""td-wrap""><div class=""td-wrap-in"">69.1</div></div>",21,"<div class=""td-wrap""><div class=""td-wrap-in""><div class=""bg ""><span class=""rank "">21</span></div></div></div>",North America,,"<div class=""td-wrap""><div class=""td-wrap-in""><a href=""/universities/university-southern-california"">University of Southern California</a></div></div>"
"<div class=""td-wrap""><div class=""td-wrap-in"">64.8</div></div>",27,"<div class=""td-wrap""><div class=""td-wrap-in""><div class=""bg ""><span class=""rank "">27</span></div></div></div>","<div class=""td-wrap""><div class=""td-wrap-in"">78.6</div></div>",30,"<div class=""td-wrap""><div class=""td-wrap-in""><div class=""bg ""><span class=""rank "">30</span></div></div></div>","<div class=""td-wrap""><div class=""td-wrap-in"">71.4</div></div>",39,"<div class=""td-wrap""><div class=""td-wrap-in""><div class=""bg ""><span class=""rank "">=37</span></div></div></div>","<div class=""td-wrap""><div class=""td-wrap-in"">75.9</div></div>",21,"<div class=""td-wrap""><div class=""td-wrap-in""><div class=""bg ""><span class=""rank "">21</span></div></div></div>",Taiwan,"<div class=""td-wrap""><div class=""td-wrap-in"">68.3</div></div>",22,"<div class=""td-wrap""><div class=""td-wrap-in""><div class=""bg ""><span class=""rank "">22</span></div></div></div>",Asia,,"<div class=""td-wrap""><div class=""td-wrap-in""><a href=""/universities/national-taiwan-university-ntu"">National Taiwan University (NTU)</a></div></div>"
"<div class=""td-wrap""><div class=""td-wrap-in"">63.7</div></div>",31,"<div class=""td-wrap""><div class=""td-wrap-in""><div class=""bg ""><span class=""rank "">31</span></div></div></div>","<div class=""td-wrap""><div class=""td-wrap-in"">80.9</div></div>",25,"<div class=""td-wrap""><div class=""td-wrap-in""><div class=""bg ""><span class=""rank "">25</span></div></div></div>","<div class=""td-wrap""><div class=""td-wrap-in"">80</div></div>",27,"<div class=""td-wrap""><div class=""td-wrap-in""><div class=""bg ""><span class=""rank "">27</span></div></div></div>","<div class=""td-wrap""><div class=""td-wrap-in"">70.8</div></div>",29,"<div class=""td-wrap""><div class=""td-wrap-in""><div class=""bg ""><span class=""rank "">29</span></div></div></div>",Belgium,"<div class=""td-wrap""><div class=""td-wrap-in"">67.8</div></div>",23,"<div class=""td-wrap""><div class=""td-wrap-in""><div class=""bg ""><span class=""rank "">23</span></div></div></div>",Europe,,"<div class=""td-wrap""><div class=""td-wrap-in""><a href=""/universities/ku-leuven"">KU Leuven</a></div></div>"
"<div class=""td-wrap""><div class=""td-wrap-in"">65.4</div></div>",25,"<div class=""td-wrap""><div class=""td-wrap-in""><div class=""bg ""><span class=""rank "">25</span></div></div></div>","<div class=""td-wrap""><div class=""td-wrap-in"">62.4</div></div>",45,"<div class=""td-wrap""><div class=""td-wrap-in""><div class=""bg ""><span class=""rank "">45</span></div></div></div>","<div class=""td-wrap""><div class=""td-wrap-in"">78.5</div></div>",29,"<div class=""td-wrap""><div class=""td-wrap-in""><div class=""bg ""><span class=""rank "">=28</span></div></div></div>","<div class=""td-wrap""><div class=""td-wrap-in"">81.9</div></div>",16,"<div class=""td-wrap""><div class=""td-wrap-in""><div class=""bg ""><span class=""rank "">16</span></div></div></div>",New Zealand,"<div class=""td-wrap""><div class=""td-wrap-in"">67.3</div></div>",24,"<div class=""td-wrap""><div class=""td-wrap-in""><div class=""bg ""><span class=""rank "">24</span></div></div></div>",Oceania,6,"<div class=""td-wrap""><div class=""td-wrap-in""><a href=""/universities/victoria-university-wellington"">Victoria University of Wellington</a></div></div>"
"<div class=""td-wrap""><div class=""td-wrap-in"">61.4</div></div>",33,"<div class=""td-wrap""><div class=""td-wrap-in""><div class=""bg ""><span class=""rank "">33</span></div></div></div>","<div class=""td-wrap""><div class=""td-wrap-in"">74.5</div></div>",35,"<div class=""td-wrap""><div class=""td-wrap-in""><div class=""bg ""><span class=""rank "">35</span></div></div></div>","<div class=""td-wrap""><div class=""td-wrap-in"">81.5</div></div>",23,"<div class=""td-wrap""><div class=""td-wrap-in""><div class=""bg ""><span class=""rank "">=22</span></div></div></div>","<div class=""td-wrap""><div class=""td-wrap-in"">86.2</div></div>",12,"<div class=""td-wrap""><div class=""td-wrap-in""><div class=""bg ""><span class=""rank "">12</span></div></div></div>",Australia,"<div class=""td-wrap""><div class=""td-wrap-in"">66.9</div></div>",25,"<div class=""td-wrap""><div class=""td-wrap-in""><div class=""bg ""><span class=""rank "">25</span></div></div></div>",Oceania,5,"<div class=""td-wrap""><div class=""td-wrap-in""><a href=""/universities/rmit-university"">RMIT University</a></div></div>"
"<div class=""td-wrap""><div class=""td-wrap-in"">64</div></div>",29,"<div class=""td-wrap""><div class=""td-wrap-in""><div class=""bg ""><span class=""rank "">29</span></div></div></div>","<div class=""td-wrap""><div class=""td-wrap-in"">76.2</div></div>",33,"<div class=""td-wrap""><div class=""td-wrap-in""><div class=""bg ""><span class=""rank "">33</span></div></div></div>","<div class=""td-wrap""><div class=""td-wrap-in"">71.4</div></div>",38,"<div class=""td-wrap""><div class=""td-wrap-in""><div class=""bg ""><span class=""rank "">=37</span></div></div></div>","<div class=""td-wrap""><div class=""td-wrap-in"">69.8</div></div>",30,"<div class=""td-wrap""><div class=""td-wrap-in""><div class=""bg ""><span class=""rank "">30</span></div></div></div>",China (Mainland),"<div class=""td-wrap""><div class=""td-wrap-in"">66.8</div></div>",26,"<div class=""td-wrap""><div class=""td-wrap-in""><div class=""bg ""><span class=""rank "">26</span></div></div></div>",Asia,,"<div class=""td-wrap""><div class=""td-wrap-in""><a href=""/universities/nanjing-university"">Nanjing University</a></div></div>"
"<div class=""td-wrap""><div class=""td-wrap-in"">63.9</div></div>",30,"<div class=""td-wrap""><div class=""td-wrap-in""><div class=""bg ""><span class=""rank "">30</span></div></div></div>","<div class=""td-wrap""><div class=""td-wrap-in"">69.7</div></div>",38,"<div class=""td-wrap""><div class=""td-wrap-in""><div class=""bg ""><span class=""rank "">=38</span></div></div></div>","<div class=""td-wrap""><div class=""td-wrap-in"">75.1</div></div>",34,"<div class=""td-wrap""><div class=""td-wrap-in""><div class=""bg ""><span class=""rank "">=32</span></div></div></div>","<div class=""td-wrap""><div class=""td-wrap-in"">77</div></div>",19,"<div class=""td-wrap""><div class=""td-wrap-in""><div class=""bg ""><span class=""rank "">19</span></div></div></div>",Spain,"<div class=""td-wrap""><div class=""td-wrap-in"">66.6</div></div>",27,"<div class=""td-wrap""><div class=""td-wrap-in""><div class=""bg ""><span class=""rank "">27</span></div></div></div>",Europe,,"<div class=""td-wrap""><div class=""td-wrap-in""><a href=""/universities/universitat-de-barcelona"">Universitat de Barcelona</a></div></div>"
"<div class=""td-wrap""><div class=""td-wrap-in"">66</div></div>",24,"<div class=""td-wrap""><div class=""td-wrap-in""><div class=""bg ""><span class=""rank "">24</span></div></div></div>","<div class=""td-wrap""><div class=""td-wrap-in"">62.6</div></div>",44,"<div class=""td-wrap""><div class=""td-wrap-in""><div class=""bg ""><span class=""rank "">44</span></div></div></div>","<div class=""td-wrap""><div class=""td-wrap-in"">65</div></div>",45,"<div class=""td-wrap""><div class=""td-wrap-in""><div class=""bg ""><span class=""rank "">=44</span></div></div></div>","<div class=""td-wrap""><div class=""td-wrap-in"">72.5</div></div>",25,"<div class=""td-wrap""><div class=""td-wrap-in""><div class=""bg ""><span class=""rank "">=25</span></div></div></div>",South Korea,"<div class=""td-wrap""><div class=""td-wrap-in"">66.1</div></div>",28,"<div class=""td-wrap""><div class=""td-wrap-in""><div class=""bg ""><span class=""rank "">28</span></div></div></div>",Asia,,"<div class=""td-wrap""><div class=""td-wrap-in""><a href=""/universities/sungkyunkwan-universityskku"">Sungkyunkwan University(SKKU)</a></div></div>"
"<div class=""td-wrap""><div class=""td-wrap-in"">72.1</div></div>",16,"<div class=""td-wrap""><div class=""td-wrap-in""><div class=""bg ""><span class=""rank "">16</span></div></div></div>","<div class=""td-wrap""><div class=""td-wrap-in"">46.6</div></div>",50,"<div class=""td-wrap""><div class=""td-wrap-in""><div class=""bg ""><span class=""rank "">50</span></div></div></div>","<div class=""td-wrap""><div class=""td-wrap-in"">46.3</div></div>",50,"<div class=""td-wrap""><div class=""td-wrap-in""><div class=""bg ""><span class=""rank "">50</span></div></div></div>","<div class=""td-wrap""><div class=""td-wrap-in"">62.7</div></div>",39,"<div class=""td-wrap""><div class=""td-wrap-in""><div class=""bg ""><span class=""rank "">39</span></div></div></div>",Germany,"<div class=""td-wrap""><div class=""td-wrap-in"">66</div></div>",29,"<div class=""td-wrap""><div class=""td-wrap-in""><div class=""bg ""><span class=""rank "">29</span></div></div></div>",Europe,,"<div class=""td-wrap""><div class=""td-wrap-in""><a href=""/universities/rwth-aachen-university"">RWTH Aachen University</a></div></div>"
"<div class=""td-wrap""><div class=""td-wrap-in"">69.1</div></div>",18,"<div class=""td-wrap""><div class=""td-wrap-in""><div class=""bg ""><span class=""rank "">18</span></div></div></div>","<div class=""td-wrap""><div class=""td-wrap-in"">49.6</div></div>",49,"<div class=""td-wrap""><div class=""td-wrap-in""><div class=""bg ""><span class=""rank "">49</span></div></div></div>","<div class=""td-wrap""><div class=""td-wrap-in"">53.7</div></div>",49,"<div class=""td-wrap""><div class=""td-wrap-in""><div class=""bg ""><span class=""rank "">49</span></div></div></div>","<div class=""td-wrap""><div class=""td-wrap-in"">67.6</div></div>",35,"<div class=""td-wrap""><div class=""td-wrap-in""><div class=""bg ""><span class=""rank "">35</span></div></div></div>",Taiwan,"<div class=""td-wrap""><div class=""td-wrap-in"">65.3</div></div>",30,"<div class=""td-wrap""><div class=""td-wrap-in""><div class=""bg ""><span class=""rank "">30</span></div></div></div>",Asia,,"<div class=""td-wrap""><div class=""td-wrap-in""><a href=""/universities/national-taiwan-normal-university"">National Taiwan Normal University</a></div></div>"
"<div class=""td-wrap""><div class=""td-wrap-in"">57.1</div></div>",41,"<div class=""td-wrap""><div class=""td-wrap-in""><div class=""bg ""><span class=""rank "">=41</span></div></div></div>","<div class=""td-wrap""><div class=""td-wrap-in"">78.8</div></div>",29,"<div class=""td-wrap""><div class=""td-wrap-in""><div class=""bg ""><span class=""rank "">29</span></div></div></div>","<div class=""td-wrap""><div class=""td-wrap-in"">76.9</div></div>",31,"<div class=""td-wrap""><div class=""td-wrap-in""><div class=""bg ""><span class=""rank "">=30</span></div></div></div>","<div class=""td-wrap""><div class=""td-wrap-in"">93.7</div></div>",1,"<div class=""td-wrap""><div class=""td-wrap-in""><div class=""bg ""><span class=""rank "">1</span></div></div></div>",United Kingdom,"<div class=""td-wrap""><div class=""td-wrap-in"">65</div></div>",31,"<div class=""td-wrap""><div class=""td-wrap-in""><div class=""bg ""><span class=""rank ""><span class=""sign"">=</span>31</span></div></div></div>",Europe,,"<div class=""td-wrap""><div class=""td-wrap-in""><a href=""/universities/ucl"">UCL</a></div></div>"
"<div class=""td-wrap""><div class=""td-wrap-in"">58</div></div>",37,"<div class=""td-wrap""><div class=""td-wrap-in""><div class=""bg ""><span class=""rank "">37</span></div></div></div>","<div class=""td-wrap""><div class=""td-wrap-in"">83.1</div></div>",22,"<div class=""td-wrap""><div class=""td-wrap-in""><div class=""bg ""><span class=""rank "">22</span></div></div></div>","<div class=""td-wrap""><div class=""td-wrap-in"">85.6</div></div>",15,"<div class=""td-wrap""><div class=""td-wrap-in""><div class=""bg ""><span class=""rank "">=13</span></div></div></div>","<div class=""td-wrap""><div class=""td-wrap-in"">76.7</div></div>",20,"<div class=""td-wrap""><div class=""td-wrap-in""><div class=""bg ""><span class=""rank "">20</span></div></div></div>",Malaysia,"<div class=""td-wrap""><div class=""td-wrap-in"">65</div></div>",32,"<div class=""td-wrap""><div class=""td-wrap-in""><div class=""bg ""><span class=""rank ""><span class=""sign"">=</span>31</span></div></div></div>",Asia,5,"<div class=""td-wrap""><div class=""td-wrap-in""><a href=""/universities/universiti-malaya-um"">Universiti Malaya (UM)</a></div></div>"
"<div class=""td-wrap""><div class=""td-wrap-in"">66.6</div></div>",21,"<div class=""td-wrap""><div class=""td-wrap-in""><div class=""bg ""><span class=""rank "">21</span></div></div></div>","<div class=""td-wrap""><div class=""td-wrap-in"">55.5</div></div>",46,"<div class=""td-wrap""><div class=""td-wrap-in""><div class=""bg ""><span class=""rank "">46</span></div></div></div>","<div class=""td-wrap""><div class=""td-wrap-in"">62.5</div></div>",46,"<div class=""td-wrap""><div class=""td-wrap-in""><div class=""bg ""><span class=""rank "">=46</span></div></div></div>","<div class=""td-wrap""><div class=""td-wrap-in"">66</div></div>",36,"<div class=""td-wrap""><div class=""td-wrap-in""><div class=""bg ""><span class=""rank "">36</span></div></div></div>",Germany,"<div class=""td-wrap""><div class=""td-wrap-in"">64.7</div></div>",33,"<div class=""td-wrap""><div class=""td-wrap-in""><div class=""bg ""><span class=""rank ""><span class=""sign"">=</span>33</span></div></div></div>",Europe,,"<div class=""td-wrap""><div class=""td-wrap-in""><a href=""/universities/humboldt-universitat-zu-berlin"">Humboldt-Universität zu Berlin</a></div></div>"
"<div class=""td-wrap""><div class=""td-wrap-in"">64.7</div></div>",28,"<div class=""td-wrap""><div class=""td-wrap-in""><div class=""bg ""><span class=""rank "">28</span></div></div></div>","<div class=""td-wrap""><div class=""td-wrap-in"">66.3</div></div>",41,"<div class=""td-wrap""><div class=""td-wrap-in""><div class=""bg ""><span class=""rank "">41</span></div></div></div>","<div class=""td-wrap""><div class=""td-wrap-in"">69.4</div></div>",41,"<div class=""td-wrap""><div class=""td-wrap-in""><div class=""bg ""><span class=""rank "">=41</span></div></div></div>","<div class=""td-wrap""><div class=""td-wrap-in"">60.1</div></div>",41,"<div class=""td-wrap""><div class=""td-wrap-in""><div class=""bg ""><span class=""rank "">41</span></div></div></div>",Canada,"<div class=""td-wrap""><div class=""td-wrap-in"">64.7</div></div>",34,"<div class=""td-wrap""><div class=""td-wrap-in""><div class=""bg ""><span class=""rank ""><span class=""sign"">=</span>33</span></div></div></div>",North America,6,"<div class=""td-wrap""><div class=""td-wrap-in""><a href=""/universities/mcmaster-university"">McMaster University</a></div></div>"
"<div class=""td-wrap""><div class=""td-wrap-in"">56.8</div></div>",44,"<div class=""td-wrap""><div class=""td-wrap-in""><div class=""bg ""><span class=""rank "">44</span></div></div></div>","<div class=""td-wrap""><div class=""td-wrap-in"">75.3</div></div>",34,"<div class=""td-wrap""><div class=""td-wrap-in""><div class=""bg ""><span class=""rank "">34</span></div></div></div>","<div class=""td-wrap""><div class=""td-wrap-in"">75.1</div></div>",33,"<div class=""td-wrap""><div class=""td-wrap-in""><div class=""bg ""><span class=""rank "">=32</span></div></div></div>","<div class=""td-wrap""><div class=""td-wrap-in"">93.2</div></div>",2,"<div class=""td-wrap""><div class=""td-wrap-in""><div class=""bg ""><span class=""rank "">=2</span></div></div></div>",China (Mainland),"<div class=""td-wrap""><div class=""td-wrap-in"">64.1</div></div>",35,"<div class=""td-wrap""><div class=""td-wrap-in""><div class=""bg ""><span class=""rank "">35</span></div></div></div>",Asia,,"<div class=""td-wrap""><div class=""td-wrap-in""><a href=""/universities/peking-university"">Peking University</a></div></div>"
"<div class=""td-wrap""><div class=""td-wrap-in"">59.5</div></div>",36,"<div class=""td-wrap""><div class=""td-wrap-in""><div class=""bg ""><span class=""rank "">36</span></div></div></div>","<div class=""td-wrap""><div class=""td-wrap-in"">65</div></div>",43,"<div class=""td-wrap""><div class=""td-wrap-in""><div class=""bg ""><span class=""rank "">43</span></div></div></div>","<div class=""td-wrap""><div class=""td-wrap-in"">71.4</div></div>",40,"<div class=""td-wrap""><div class=""td-wrap-in""><div class=""bg ""><span class=""rank "">=37</span></div></div></div>","<div class=""td-wrap""><div class=""td-wrap-in"">85</div></div>",13,"<div class=""td-wrap""><div class=""td-wrap-in""><div class=""bg ""><span class=""rank "">13</span></div></div></div>",Australia,"<div class=""td-wrap""><div class=""td-wrap-in"">63.5</div></div>",36,"<div class=""td-wrap""><div class=""td-wrap-in""><div class=""bg ""><span class=""rank "">36</span></div></div></div>",Oceania,5,"<div class=""td-wrap""><div class=""td-wrap-in""><a href=""/universities/university-technology-sydney"">University of Technology Sydney</a></div></div>"
"<div class=""td-wrap""><div class=""td-wrap-in"">60.4</div></div>",35,"<div class=""td-wrap""><div class=""td-wrap-in""><div class=""bg ""><span class=""rank "">35</span></div></div></div>","<div class=""td-wrap""><div class=""td-wrap-in"">71.8</div></div>",36,"<div class=""td-wrap""><div class=""td-wrap-in""><div class=""bg ""><span class=""rank "">36</span></div></div></div>","<div class=""td-wrap""><div class=""td-wrap-in"">62.5</div></div>",47,"<div class=""td-wrap""><div class=""td-wrap-in""><div class=""bg ""><span class=""rank "">=46</span></div></div></div>","<div class=""td-wrap""><div class=""td-wrap-in"">69.5</div></div>",31,"<div class=""td-wrap""><div class=""td-wrap-in""><div class=""bg ""><span class=""rank "">31</span></div></div></div>",Netherlands,"<div class=""td-wrap""><div class=""td-wrap-in"">63.1</div></div>",37,"<div class=""td-wrap""><div class=""td-wrap-in""><div class=""bg ""><span class=""rank "">37</span></div></div></div>",Europe,,"<div class=""td-wrap""><div class=""td-wrap-in""><a href=""/universities/vrije-universiteit-amsterdam"">Vrije Universiteit Amsterdam</a></div></div>"
"<div class=""td-wrap""><div class=""td-wrap-in"">57.1</div></div>",42,"<div class=""td-wrap""><div class=""td-wrap-in""><div class=""bg ""><span class=""rank "">=41</span></div></div></div>","<div class=""td-wrap""><div class=""td-wrap-in"">69.7</div></div>",39,"<div class=""td-wrap""><div class=""td-wrap-in""><div class=""bg ""><span class=""rank "">=38</span></div></div></div>","<div class=""td-wrap""><div class=""td-wrap-in"">69.4</div></div>",42,"<div class=""td-wrap""><div class=""td-wrap-in""><div class=""bg ""><span class=""rank "">=41</span></div></div></div>","<div class=""td-wrap""><div class=""td-wrap-in"">89.4</div></div>",8,"<div class=""td-wrap""><div class=""td-wrap-in""><div class=""bg ""><span class=""rank "">8</span></div></div></div>",Ireland,"<div class=""td-wrap""><div class=""td-wrap-in"">62.8</div></div>",38,"<div class=""td-wrap""><div class=""td-wrap-in""><div class=""bg ""><span class=""rank ""><span class=""sign"">=</span>38</span></div></div></div>",Europe,,"<div class=""td-wrap""><div class=""td-wrap-in""><a href=""/universities/university-college-dublin"">University College Dublin</a></div></div>"
"<div class=""td-wrap""><div class=""td-wrap-in"">56.1</div></div>",45,"<div class=""td-wrap""><div class=""td-wrap-in""><div class=""bg ""><span class=""rank "">45</span></div></div></div>","<div class=""td-wrap""><div class=""td-wrap-in"">89.8</div></div>",11,"<div class=""td-wrap""><div class=""td-wrap-in""><div class=""bg ""><span class=""rank "">11</span></div></div></div>","<div class=""td-wrap""><div class=""td-wrap-in"">89.3</div></div>",9,"<div class=""td-wrap""><div class=""td-wrap-in""><div class=""bg ""><span class=""rank "">=8</span></div></div></div>","<div class=""td-wrap""><div class=""td-wrap-in"">56.4</div></div>",47,"<div class=""td-wrap""><div class=""td-wrap-in""><div class=""bg ""><span class=""rank "">=45</span></div></div></div>",United States,"<div class=""td-wrap""><div class=""td-wrap-in"">62.8</div></div>",39,"<div class=""td-wrap""><div class=""td-wrap-in""><div class=""bg ""><span class=""rank ""><span class=""sign"">=</span>38</span></div></div></div>",North America,,"<div class=""td-wrap""><div class=""td-wrap-in""><a href=""/universities/university-wisconsin-madison"">University of Wisconsin-Madison</a></div></div>"
"<div class=""td-wrap""><div class=""td-wrap-in"">54.8</div></div>",48,"<div class=""td-wrap""><div class=""td-wrap-in""><div class=""bg ""><span class=""rank "">48</span></div></div></div>","<div class=""td-wrap""><div class=""td-wrap-in"">79.3</div></div>",28,"<div class=""td-wrap""><div class=""td-wrap-in""><div class=""bg ""><span class=""rank "">28</span></div></div></div>","<div class=""td-wrap""><div class=""td-wrap-in"">71.4</div></div>",37,"<div class=""td-wrap""><div class=""td-wrap-in""><div class=""bg ""><span class=""rank "">=37</span></div></div></div>","<div class=""td-wrap""><div class=""td-wrap-in"">88.6</div></div>",9,"<div class=""td-wrap""><div class=""td-wrap-in""><div class=""bg ""><span class=""rank "">9</span></div></div></div>",China (Mainland),"<div class=""td-wrap""><div class=""td-wrap-in"">62.7</div></div>",40,"<div class=""td-wrap""><div class=""td-wrap-in""><div class=""bg ""><span class=""rank ""><span class=""sign"">=</span>40</span></div></div></div>",Asia,,"<div class=""td-wrap""><div class=""td-wrap-in""><a href=""/universities/fudan-university"">Fudan University</a></div></div>"
"<div class=""td-wrap""><div class=""td-wrap-in"">57.3</div></div>",39,"<div class=""td-wrap""><div class=""td-wrap-in""><div class=""bg ""><span class=""rank "">=38</span></div></div></div>","<div class=""td-wrap""><div class=""td-wrap-in"">86</div></div>",17,"<div class=""td-wrap""><div class=""td-wrap-in""><div class=""bg ""><span class=""rank "">=17</span></div></div></div>","<div class=""td-wrap""><div class=""td-wrap-in"">81.5</div></div>",25,"<div class=""td-wrap""><div class=""td-wrap-in""><div class=""bg ""><span class=""rank "">=22</span></div></div></div>","<div class=""td-wrap""><div class=""td-wrap-in"">56.4</div></div>",46,"<div class=""td-wrap""><div class=""td-wrap-in""><div class=""bg ""><span class=""rank "">=45</span></div></div></div>",Canada,"<div class=""td-wrap""><div class=""td-wrap-in"">62.7</div></div>",41,"<div class=""td-wrap""><div class=""td-wrap-in""><div class=""bg ""><span class=""rank ""><span class=""sign"">=</span>40</span></div></div></div>",North America,,"<div class=""td-wrap""><div class=""td-wrap-in""><a href=""/universities/universite-de-montreal"">Université de Montréal</a></div></div>"
"<div class=""td-wrap""><div class=""td-wrap-in"">64.9</div></div>",26,"<div class=""td-wrap""><div class=""td-wrap-in""><div class=""bg ""><span class=""rank "">26</span></div></div></div>","<div class=""td-wrap""><div class=""td-wrap-in"">53.3</div></div>",47,"<div class=""td-wrap""><div class=""td-wrap-in""><div class=""bg ""><span class=""rank "">47</span></div></div></div>","<div class=""td-wrap""><div class=""td-wrap-in"">65</div></div>",44,"<div class=""td-wrap""><div class=""td-wrap-in""><div class=""bg ""><span class=""rank "">=44</span></div></div></div>","<div class=""td-wrap""><div class=""td-wrap-in"">59.2</div></div>",43,"<div class=""td-wrap""><div class=""td-wrap-in""><div class=""bg ""><span class=""rank "">43</span></div></div></div>",Germany,"<div class=""td-wrap""><div class=""td-wrap-in"">62.6</div></div>",42,"<div class=""td-wrap""><div class=""td-wrap-in""><div class=""bg ""><span class=""rank "">42</span></div></div></div>",Europe,,"<div class=""td-wrap""><div class=""td-wrap-in""><a href=""/universities/kit-karlsruhe-institute-technology"">KIT, Karlsruhe Institute of Technology</a></div></div>"
"<div class=""td-wrap""><div class=""td-wrap-in"">57.2</div></div>",40,"<div class=""td-wrap""><div class=""td-wrap-in""><div class=""bg ""><span class=""rank "">40</span></div></div></div>","<div class=""td-wrap""><div class=""td-wrap-in"">66</div></div>",42,"<div class=""td-wrap""><div class=""td-wrap-in""><div class=""bg ""><span class=""rank "">42</span></div></div></div>","<div class=""td-wrap""><div class=""td-wrap-in"">67.3</div></div>",43,"<div class=""td-wrap""><div class=""td-wrap-in""><div class=""bg ""><span class=""rank "">43</span></div></div></div>","<div class=""td-wrap""><div class=""td-wrap-in"">91</div></div>",5,"<div class=""td-wrap""><div class=""td-wrap-in""><div class=""bg ""><span class=""rank "">5</span></div></div></div>",Italy,"<div class=""td-wrap""><div class=""td-wrap-in"">62.4</div></div>",43,"<div class=""td-wrap""><div class=""td-wrap-in""><div class=""bg ""><span class=""rank "">43</span></div></div></div>",Europe,,"<div class=""td-wrap""><div class=""td-wrap-in""><a href=""/universities/sapienza-university-rome"">Sapienza University of Rome</a></div></div>"
"<div class=""td-wrap""><div class=""td-wrap-in"">55.3</div></div>",47,"<div class=""td-wrap""><div class=""td-wrap-in""><div class=""bg ""><span class=""rank "">47</span></div></div></div>","<div class=""td-wrap""><div class=""td-wrap-in"">88.6</div></div>",13,"<div class=""td-wrap""><div class=""td-wrap-in""><div class=""bg ""><span class=""rank "">=12</span></div></div></div>","<div class=""td-wrap""><div class=""td-wrap-in"">84.3</div></div>",17,"<div class=""td-wrap""><div class=""td-wrap-in""><div class=""bg ""><span class=""rank "">17</span></div></div></div>","<div class=""td-wrap""><div class=""td-wrap-in"">60.7</div></div>",40,"<div class=""td-wrap""><div class=""td-wrap-in""><div class=""bg ""><span class=""rank "">40</span></div></div></div>",United States,"<div class=""td-wrap""><div class=""td-wrap-in"">62.3</div></div>",44,"<div class=""td-wrap""><div class=""td-wrap-in""><div class=""bg ""><span class=""rank "">44</span></div></div></div>",North America,,"<div class=""td-wrap""><div class=""td-wrap-in""><a href=""/universities/university-arizona"">The University of Arizona</a></div></div>"
"<div class=""td-wrap""><div class=""td-wrap-in"">55.4</div></div>",46,"<div class=""td-wrap""><div class=""td-wrap-in""><div class=""bg ""><span class=""rank "">46</span></div></div></div>","<div class=""td-wrap""><div class=""td-wrap-in"">70</div></div>",37,"<div class=""td-wrap""><div class=""td-wrap-in""><div class=""bg ""><span class=""rank "">37</span></div></div></div>","<div class=""td-wrap""><div class=""td-wrap-in"">75.1</div></div>",32,"<div class=""td-wrap""><div class=""td-wrap-in""><div class=""bg ""><span class=""rank "">=32</span></div></div></div>","<div class=""td-wrap""><div class=""td-wrap-in"">89.7</div></div>",7,"<div class=""td-wrap""><div class=""td-wrap-in""><div class=""bg ""><span class=""rank "">7</span></div></div></div>",Australia,"<div class=""td-wrap""><div class=""td-wrap-in"">62</div></div>",45,"<div class=""td-wrap""><div class=""td-wrap-in""><div class=""bg ""><span class=""rank "">45</span></div></div></div>",Oceania,,"<div class=""td-wrap""><div class=""td-wrap-in""><a href=""/universities/monash-university"">Monash University</a></div></div>"
"<div class=""td-wrap""><div class=""td-wrap-in"">53.3</div></div>",50,"<div class=""td-wrap""><div class=""td-wrap-in""><div class=""bg ""><span class=""rank "">50</span></div></div></div>","<div class=""td-wrap""><div class=""td-wrap-in"">79.6</div></div>",27,"<div class=""td-wrap""><div class=""td-wrap-in""><div class=""bg ""><span class=""rank "">27</span></div></div></div>","<div class=""td-wrap""><div class=""td-wrap-in"">81.5</div></div>",22,"<div class=""td-wrap""><div class=""td-wrap-in""><div class=""bg ""><span class=""rank "">=22</span></div></div></div>","<div class=""td-wrap""><div class=""td-wrap-in"">83.9</div></div>",15,"<div class=""td-wrap""><div class=""td-wrap-in""><div class=""bg ""><span class=""rank "">15</span></div></div></div>",United States,"<div class=""td-wrap""><div class=""td-wrap-in"">61.7</div></div>",46,"<div class=""td-wrap""><div class=""td-wrap-in""><div class=""bg ""><span class=""rank "">46</span></div></div></div>",North America,,"<div class=""td-wrap""><div class=""td-wrap-in""><a href=""/universities/cornell-university"">Cornell University</a></div></div>"
"<div class=""td-wrap""><div class=""td-wrap-in"">53.4</div></div>",49,"<div class=""td-wrap""><div class=""td-wrap-in""><div class=""bg ""><span class=""rank "">49</span></div></div></div>","<div class=""td-wrap""><div class=""td-wrap-in"">86</div></div>",18,"<div class=""td-wrap""><div class=""td-wrap-in""><div class=""bg ""><span class=""rank "">=17</span></div></div></div>","<div class=""td-wrap""><div class=""td-wrap-in"">82.9</div></div>",21,"<div class=""td-wrap""><div class=""td-wrap-in""><div class=""bg ""><span class=""rank "">=18</span></div></div></div>","<div class=""td-wrap""><div class=""td-wrap-in"">71.5</div></div>",27,"<div class=""td-wrap""><div class=""td-wrap-in""><div class=""bg ""><span class=""rank "">27</span></div></div></div>",China (Mainland),"<div class=""td-wrap""><div class=""td-wrap-in"">61.6</div></div>",47,"<div class=""td-wrap""><div class=""td-wrap-in""><div class=""bg ""><span class=""rank "">47</span></div></div></div>",Asia,,"<div class=""td-wrap""><div class=""td-wrap-in""><a href=""/universities/wuhan-university"">Wuhan University</a></div></div>"
"<div class=""td-wrap""><div class=""td-wrap-in"">57.3</div></div>",38,"<div class=""td-wrap""><div class=""td-wrap-in""><div class=""bg ""><span class=""rank "">=38</span></div></div></div>","<div class=""td-wrap""><div class=""td-wrap-in"">76.4</div></div>",32,"<div class=""td-wrap""><div class=""td-wrap-in""><div class=""bg ""><span class=""rank "">32</span></div></div></div>","<div class=""td-wrap""><div class=""td-wrap-in"">78.5</div></div>",28,"<div class=""td-wrap""><div class=""td-wrap-in""><div class=""bg ""><span class=""rank "">=28</span></div></div></div>","<div class=""td-wrap""><div class=""td-wrap-in"">56.9</div></div>",44,"<div class=""td-wrap""><div class=""td-wrap-in""><div class=""bg ""><span class=""rank "">44</span></div></div></div>",United States,"<div class=""td-wrap""><div class=""td-wrap-in"">61.2</div></div>",48,"<div class=""td-wrap""><div class=""td-wrap-in""><div class=""bg ""><span class=""rank ""><span class=""sign"">=</span>48</span></div></div></div>",North America,,"<div class=""td-wrap""><div class=""td-wrap-in""><a href=""/universities/drexel-university"">Drexel University</a></div></div>"
"<div class=""td-wrap""><div class=""td-wrap-in"">57</div></div>",43,"<div class=""td-wrap""><div class=""td-wrap-in""><div class=""bg ""><span class=""rank "">43</span></div></div></div>","<div class=""td-wrap""><div class=""td-wrap-in"">68.7</div></div>",40,"<div class=""td-wrap""><div class=""td-wrap-in""><div class=""bg ""><span class=""rank "">40</span></div></div></div>","<div class=""td-wrap""><div class=""td-wrap-in"">73.3</div></div>",36,"<div class=""td-wrap""><div class=""td-wrap-in""><div class=""bg ""><span class=""rank "">36</span></div></div></div>","<div class=""td-wrap""><div class=""td-wrap-in"">72.9</div></div>",22,"<div class=""td-wrap""><div class=""td-wrap-in""><div class=""bg ""><span class=""rank "">22</span></div></div></div>",United Kingdom,"<div class=""td-wrap""><div class=""td-wrap-in"">61.2</div></div>",49,"<div class=""td-wrap""><div class=""td-wrap-in""><div class=""bg ""><span class=""rank ""><span class=""sign"">=</span>48</span></div></div></div>",Europe,,"<div class=""td-wrap""><div class=""td-wrap-in""><a href=""/universities/open-university"">The Open University</a></div></div>"
"<div class=""td-wrap""><div class=""td-wrap-in"">63.1</div></div>",32,"<div class=""td-wrap""><div class=""td-wrap-in""><div class=""bg ""><span class=""rank "">32</span></div></div></div>","<div class=""td-wrap""><div class=""td-wrap-in"">50.8</div></div>",48,"<div class=""td-wrap""><div class=""td-wrap-in""><div class=""bg ""><span class=""rank "">48</span></div></div></div>","<div class=""td-wrap""><div class=""td-wrap-in"">59.8</div></div>",48,"<div class=""td-wrap""><div class=""td-wrap-in""><div class=""bg ""><span class=""rank "">48</span></div></div></div>","<div class=""td-wrap""><div class=""td-wrap-in"">63.2</div></div>",38,"<div class=""td-wrap""><div class=""td-wrap-in""><div class=""bg ""><span class=""rank "">38</span></div></div></div>",Italy,"<div class=""td-wrap""><div class=""td-wrap-in"">61.1</div></div>",50,"<div class=""td-wrap""><div class=""td-wrap-in""><div class=""bg ""><span class=""rank "">50</span></div></div></div>",Europe,4,"<div class=""td-wrap""><div class=""td-wrap-in""><a href=""/universities/university-pisa"">University of Pisa</a></div></div>"
