Academic Reputation,SCORE,SCORE,Employer Reputation,SCORE,SCORE,Citations per Paper,SCORE,SCORE,H-index Citations,SCORE,SCORE,LOCATION,OVERALL SCORE,# RANK,# RANK,REGION,STARS,UNIVERSITY
"<div class=""td-wrap""><div class=""td-wrap-in"">80.2</div></div>",0,"<div class=""td-wrap""><div class=""td-wrap-in""><div class=""bg ""><span class=""rank "">0</span></div></div></div>","<div class=""td-wrap""><div class=""td-wrap-in"">97.2</div></div>",0,"<div class=""td-wrap""><div class=""td-wrap-in""><div class=""bg ""><span class=""rank "">0</span></div></div></div>","<div class=""td-wrap""><div class=""td-wrap-in"">96.8</div></div>",0,"<div class=""td-wrap""><div class=""td-wrap-in""><div class=""bg ""><span class=""rank "">0</span></div></div></div>","<div class=""td-wrap""><div class=""td-wrap-in"">95.6</div></div>",0,"<div class=""td-wrap""><div class=""td-wrap-in""><div class=""bg ""><span class=""rank "">0</span></div></div></div>",Hong Kong SAR,"<div class=""td-wrap""><div class=""td-wrap-in"">91.5</div></div>",1,"<div class=""td-wrap""><div class=""td-wrap-in""><div class=""bg ""><span class=""rank "">1</span></div></div></div>",Asia,,"<div class=""td-wrap""><div class=""td-wrap-in""><a href=""/universities/university-hong-kong"">The University of Hong Kong</a></div></div>"
"<div class=""td-wrap""><div class=""td-wrap-in"">71.1</div></div>",0,"<div class=""td-wrap""><div class=""td-wrap-in""><div class=""bg ""><span class=""rank "">0</span></div></div></div>","<div class=""td-wrap""><div class=""td-wrap-in"">84.5</div></div>",0,"<div class=""td-wrap""><div class=""td-wrap-in""><div class=""bg ""><span class=""rank "">0</span></div></div></div>","<div class=""td-wrap""><div class=""td-wrap-in"">96.1</div></div>",0,"<div class=""td-wrap""><div class=""td-wrap-in""><div class=""bg ""><span class=""rank "">0</span></div></div></div>","<div class=""td-wrap""><div class=""td-wrap-in"">100</div></div>",0,"<div class=""td-wrap""><div class=""td-wrap-in""><div class=""bg ""><span class=""rank "">0</span></div></div></div>",United States,"<div class=""td-wrap""><div class=""td-wrap-in"">88.6</div></div>",2,"<div class=""td-wrap""><div class=""td-wrap-in""><div class=""bg ""><span class=""rank "">2</span></div></div></div>",North America,,"<div class=""td-wrap""><div class=""td-wrap-in""><a href=""/universities/university-michigan"">University of Michigan</a></div></div>"
"<div class=""td-wrap""><div class=""td-wrap-in"">85.8</div></div>",0,"<div class=""td-wrap""><div class=""td-wrap-in""><div class=""bg ""><span class=""rank "">0</span></div></div></div>","<div class=""td-wrap""><div class=""td-wrap-in"">94</div></div>",0,"<div class=""td-wrap""><div class=""td-wrap-in""><div class=""bg ""><span class=""rank "">0</span></div></div></div>","<div class=""td-wrap""><div class=""td-wrap-in"">88.5</div></div>",0,"<div class=""td-wrap""><div class=""td-wrap-in""><div class=""bg ""><span class=""rank "">0</span></div></div></div>","<div class=""td-wrap""><div class=""td-wrap-in"">83.2</div></div>",0,"<div class=""td-wrap""><div class=""td-wrap-in""><div class=""bg ""><span class=""rank "">0</span></div></div></div>",Sweden,"<div class=""td-wrap""><div class=""td-wrap-in"">86.7</div></div>",3,"<div class=""td-wrap""><div class=""td-wrap-in""><div class=""bg ""><span class=""rank "">3</span></div></div></div>",Europe,,"<div class=""td-wrap""><div class=""td-wrap-in""><a href=""/universities/karolinska-institutet"">Karolinska Institutet</a></div></div>"
"<div class=""td-wrap""><div class=""td-wrap-in"">83.1</div></div>",0,"<div class=""td-wrap""><div class=""td-wrap-in""><div class=""bg ""><span class=""rank "">0</span></div></div></div>","<div class=""td-wrap""><div class=""td-wrap-in"">69.7</div></div>",0,"<div class=""td-wrap""><div class=""td-wrap-in""><div class=""bg ""><span class=""rank "">0</span></div></div></div>","<div class=""td-wrap""><div class=""td-wrap-in"">89.2</div></div>",0,"<div class=""td-wrap""><div class=""td-wrap-in""><div class=""bg ""><span class=""rank "">0</span></div></div></div>","<div class=""td-wrap""><div class=""td-wrap-in"">92.5</div></div>",0,"<div class=""td-wrap""><div class=""td-wrap-in""><div class=""bg ""><span class=""rank "">0</span></div></div></div>",United Kingdom,"<div class=""td-wrap""><div class=""td-wrap-in"">86.4</div></div>",4,"<div class=""td-wrap""><div class=""td-wrap-in""><div class=""bg ""><span class=""rank "">4</span></div></div></div>",Europe,,"<div class=""td-wrap""><div class=""td-wrap-in""><a href=""/universities/kings-college-london"">King&#039;s College London</a></div></div>"
"<div class=""td-wrap""><div class=""td-wrap-in"">74.8</div></div>",0,"<div class=""td-wrap""><div class=""td-wrap-in""><div class=""bg ""><span class=""rank "">0</span></div></div></div>","<div class=""td-wrap""><div class=""td-wrap-in"">58.6</div></div>",0,"<div class=""td-wrap""><div class=""td-wrap-in""><div class=""bg ""><span class=""rank "">0</span></div></div></div>","<div class=""td-wrap""><div class=""td-wrap-in"">95.6</div></div>",0,"<div class=""td-wrap""><div class=""td-wrap-in""><div class=""bg ""><span class=""rank "">0</span></div></div></div>","<div class=""td-wrap""><div class=""td-wrap-in"">96.2</div></div>",0,"<div class=""td-wrap""><div class=""td-wrap-in""><div class=""bg ""><span class=""rank "">0</span></div></div></div>",Sweden,"<div class=""td-wrap""><div class=""td-wrap-in"">85.8</div></div>",5,"<div class=""td-wrap""><div class=""td-wrap-in""><div class=""bg ""><span class=""rank "">5</span></div></div></div>",Europe,,"<div class=""td-wrap""><div class=""td-wrap-in""><a href=""/universities/university-gothenburg"">University of Gothenburg</a></div></div>"
"<div class=""td-wrap""><div class=""td-wrap-in"">100</div></div>",0,"<div class=""td-wrap""><div class=""td-wrap-in""><div class=""bg ""><span class=""rank "">0</span></div></div></div>","<div class=""td-wrap""><div class=""td-wrap-in"">83.3</div></div>",0,"<div class=""td-wrap""><div class=""td-wrap-in""><div class=""bg ""><span class=""rank "">0</span></div></div></div>","<div class=""td-wrap""><div class=""td-wrap-in"">80.1</div></div>",0,"<div class=""td-wrap""><div class=""td-wrap-in""><div class=""bg ""><span class=""rank "">0</span></div></div></div>","<div class=""td-wrap""><div class=""td-wrap-in"">77</div></div>",0,"<div class=""td-wrap""><div class=""td-wrap-in""><div class=""bg ""><span class=""rank "">0</span></div></div></div>",Japan,"<div class=""td-wrap""><div class=""td-wrap-in"">85.5</div></div>",6,"<div class=""td-wrap""><div class=""td-wrap-in""><div class=""bg ""><span class=""rank "">6</span></div></div></div>",Asia,,"<div class=""td-wrap""><div class=""td-wrap-in""><a href=""/universities/tokyo-medical-dental-university-tmdu"">Tokyo Medical and Dental University (TMDU)</a></div></div>"
"<div class=""td-wrap""><div class=""td-wrap-in"">71.8</div></div>",0,"<div class=""td-wrap""><div class=""td-wrap-in""><div class=""bg ""><span class=""rank "">0</span></div></div></div>","<div class=""td-wrap""><div class=""td-wrap-in"">62.1</div></div>",0,"<div class=""td-wrap""><div class=""td-wrap-in""><div class=""bg ""><span class=""rank "">0</span></div></div></div>","<div class=""td-wrap""><div class=""td-wrap-in"">100</div></div>",0,"<div class=""td-wrap""><div class=""td-wrap-in""><div class=""bg ""><span class=""rank "">0</span></div></div></div>","<div class=""td-wrap""><div class=""td-wrap-in"">90.6</div></div>",0,"<div class=""td-wrap""><div class=""td-wrap-in""><div class=""bg ""><span class=""rank "">0</span></div></div></div>",Belgium,"<div class=""td-wrap""><div class=""td-wrap-in"">84.9</div></div>",7,"<div class=""td-wrap""><div class=""td-wrap-in""><div class=""bg ""><span class=""rank "">7</span></div></div></div>",Europe,,"<div class=""td-wrap""><div class=""td-wrap-in""><a href=""/universities/ku-leuven"">KU Leuven</a></div></div>"
"<div class=""td-wrap""><div class=""td-wrap-in"">65.9</div></div>",0,"<div class=""td-wrap""><div class=""td-wrap-in""><div class=""bg ""><span class=""rank "">0</span></div></div></div>","<div class=""td-wrap""><div class=""td-wrap-in"">82.1</div></div>",0,"<div class=""td-wrap""><div class=""td-wrap-in""><div class=""bg ""><span class=""rank "">0</span></div></div></div>","<div class=""td-wrap""><div class=""td-wrap-in"">91.5</div></div>",0,"<div class=""td-wrap""><div class=""td-wrap-in""><div class=""bg ""><span class=""rank "">0</span></div></div></div>","<div class=""td-wrap""><div class=""td-wrap-in"">96.2</div></div>",0,"<div class=""td-wrap""><div class=""td-wrap-in""><div class=""bg ""><span class=""rank "">0</span></div></div></div>",United Kingdom,"<div class=""td-wrap""><div class=""td-wrap-in"">84.3</div></div>",8,"<div class=""td-wrap""><div class=""td-wrap-in""><div class=""bg ""><span class=""rank "">8</span></div></div></div>",Europe,,"<div class=""td-wrap""><div class=""td-wrap-in""><a href=""/universities/ucl"">UCL</a></div></div>"
"<div class=""td-wrap""><div class=""td-wrap-in"">64.6</div></div>",0,"<div class=""td-wrap""><div class=""td-wrap-in""><div class=""bg ""><span class=""rank "">0</span></div></div></div>","<div class=""td-wrap""><div class=""td-wrap-in"">96.3</div></div>",0,"<div class=""td-wrap""><div class=""td-wrap-in""><div class=""bg ""><span class=""rank "">0</span></div></div></div>","<div class=""td-wrap""><div class=""td-wrap-in"">86.2</div></div>",0,"<div class=""td-wrap""><div class=""td-wrap-in""><div class=""bg ""><span class=""rank "">0</span></div></div></div>","<div class=""td-wrap""><div class=""td-wrap-in"">95</div></div>",0,"<div class=""td-wrap""><div class=""td-wrap-in""><div class=""bg ""><span class=""rank "">0</span></div></div></div>",Brazil,"<div class=""td-wrap""><div class=""td-wrap-in"">83.4</div></div>",9,"<div class=""td-wrap""><div class=""td-wrap-in""><div class=""bg ""><span class=""rank "">9</span></div></div></div>",Latin America,,"<div class=""td-wrap""><div class=""td-wrap-in""><a href=""/universities/universidade-de-sao-paulo"">Universidade de SÃ£o Paulo</a></div></div>"
"<div class=""td-wrap""><div class=""td-wrap-in"">69</div></div>",0,"<div class=""td-wrap""><div class=""td-wrap-in""><div class=""bg ""><span class=""rank "">0</span></div></div></div>","<div class=""td-wrap""><div class=""td-wrap-in"">74.4</div></div>",0,"<div class=""td-wrap""><div class=""td-wrap-in""><div class=""bg ""><span class=""rank "">0</span></div></div></div>","<div class=""td-wrap""><div class=""td-wrap-in"">90.5</div></div>",0,"<div class=""td-wrap""><div class=""td-wrap-in""><div class=""bg ""><span class=""rank "">0</span></div></div></div>","<div class=""td-wrap""><div class=""td-wrap-in"">93.2</div></div>",0,"<div class=""td-wrap""><div class=""td-wrap-in""><div class=""bg ""><span class=""rank "">0</span></div></div></div>",United States,"<div class=""td-wrap""><div class=""td-wrap-in"">83.3</div></div>",10,"<div class=""td-wrap""><div class=""td-wrap-in""><div class=""bg ""><span class=""rank "">10</span></div></div></div>",North America,,"<div class=""td-wrap""><div class=""td-wrap-in""><a href=""/universities/new-york-university-nyu"">New York University (NYU)</a></div></div>"
"<div class=""td-wrap""><div class=""td-wrap-in"">73.3</div></div>",0,"<div class=""td-wrap""><div class=""td-wrap-in""><div class=""bg ""><span class=""rank "">0</span></div></div></div>","<div class=""td-wrap""><div class=""td-wrap-in"">100</div></div>",0,"<div class=""td-wrap""><div class=""td-wrap-in""><div class=""bg ""><span class=""rank "">0</span></div></div></div>","<div class=""td-wrap""><div class=""td-wrap-in"">81.4</div></div>",0,"<div class=""td-wrap""><div class=""td-wrap-in""><div class=""bg ""><span class=""rank "">0</span></div></div></div>","<div class=""td-wrap""><div class=""td-wrap-in"">89.2</div></div>",0,"<div class=""td-wrap""><div class=""td-wrap-in""><div class=""bg ""><span class=""rank "">0</span></div></div></div>",United States,"<div class=""td-wrap""><div class=""td-wrap-in"">83.2</div></div>",11,"<div class=""td-wrap""><div class=""td-wrap-in""><div class=""bg ""><span class=""rank "">11</span></div></div></div>",North America,,"<div class=""td-wrap""><div class=""td-wrap-in""><a href=""/universities/harvard-university"">Harvard University</a></div></div>"
"<div class=""td-wrap""><div class=""td-wrap-in"">64.6</div></div>",0,"<div class=""td-wrap""><div class=""td-wrap-in""><div class=""bg ""><span class=""rank "">0</span></div></div></div>","<div class=""td-wrap""><div class=""td-wrap-in"">72.5</div></div>",0,"<div class=""td-wrap""><div class=""td-wrap-in""><div class=""bg ""><span class=""rank "">0</span></div></div></div>","<div class=""td-wrap""><div class=""td-wrap-in"">96.5</div></div>",0,"<div class=""td-wrap""><div class=""td-wrap-in""><div class=""bg ""><span class=""rank "">0</span></div></div></div>","<div class=""td-wrap""><div class=""td-wrap-in"">85.6</div></div>",0,"<div class=""td-wrap""><div class=""td-wrap-in""><div class=""bg ""><span class=""rank "">0</span></div></div></div>",New Zealand,"<div class=""td-wrap""><div class=""td-wrap-in"">81.3</div></div>",12,"<div class=""td-wrap""><div class=""td-wrap-in""><div class=""bg ""><span class=""rank "">12</span></div></div></div>",Oceania,6,"<div class=""td-wrap""><div class=""td-wrap-in""><a href=""/universities/university-otago"">University of Otago</a></div></div>"
"<div class=""td-wrap""><div class=""td-wrap-in"">66.7</div></div>",0,"<div class=""td-wrap""><div class=""td-wrap-in""><div class=""bg ""><span class=""rank "">0</span></div></div></div>","<div class=""td-wrap""><div class=""td-wrap-in"">72.5</div></div>",0,"<div class=""td-wrap""><div class=""td-wrap-in""><div class=""bg ""><span class=""rank "">0</span></div></div></div>","<div class=""td-wrap""><div class=""td-wrap-in"">94.8</div></div>",0,"<div class=""td-wrap""><div class=""td-wrap-in""><div class=""bg ""><span class=""rank "">0</span></div></div></div>","<div class=""td-wrap""><div class=""td-wrap-in"">84.8</div></div>",0,"<div class=""td-wrap""><div class=""td-wrap-in""><div class=""bg ""><span class=""rank "">0</span></div></div></div>",Denmark,"<div class=""td-wrap""><div class=""td-wrap-in"">81.1</div></div>",13,"<div class=""td-wrap""><div class=""td-wrap-in""><div class=""bg ""><span class=""rank "">13</span></div></div></div>",Europe,,"<div class=""td-wrap""><div class=""td-wrap-in""><a href=""/universities/university-copenhagen"">University of Copenhagen</a></div></div>"
"<div class=""td-wrap""><div class=""td-wrap-in"">71.4</div></div>",0,"<div class=""td-wrap""><div class=""td-wrap-in""><div class=""bg ""><span class=""rank "">0</span></div></div></div>","<div class=""td-wrap""><div class=""td-wrap-in"">47.1</div></div>",0,"<div class=""td-wrap""><div class=""td-wrap-in""><div class=""bg ""><span class=""rank "">0</span></div></div></div>","<div class=""td-wrap""><div class=""td-wrap-in"">91.8</div></div>",0,"<div class=""td-wrap""><div class=""td-wrap-in""><div class=""bg ""><span class=""rank "">0</span></div></div></div>","<div class=""td-wrap""><div class=""td-wrap-in"">91.2</div></div>",0,"<div class=""td-wrap""><div class=""td-wrap-in""><div class=""bg ""><span class=""rank "">0</span></div></div></div>",United States,"<div class=""td-wrap""><div class=""td-wrap-in"">81</div></div>",14,"<div class=""td-wrap""><div class=""td-wrap-in""><div class=""bg ""><span class=""rank "">14</span></div></div></div>",North America,,"<div class=""td-wrap""><div class=""td-wrap-in""><a href=""/universities/university-north-carolina-chapel-hill"">University of North Carolina, Chapel Hill</a></div></div>"
"<div class=""td-wrap""><div class=""td-wrap-in"">61.9</div></div>",0,"<div class=""td-wrap""><div class=""td-wrap-in""><div class=""bg ""><span class=""rank "">0</span></div></div></div>","<div class=""td-wrap""><div class=""td-wrap-in"">57.5</div></div>",0,"<div class=""td-wrap""><div class=""td-wrap-in""><div class=""bg ""><span class=""rank "">0</span></div></div></div>","<div class=""td-wrap""><div class=""td-wrap-in"">90.4</div></div>",0,"<div class=""td-wrap""><div class=""td-wrap-in""><div class=""bg ""><span class=""rank "">0</span></div></div></div>","<div class=""td-wrap""><div class=""td-wrap-in"">96.7</div></div>",0,"<div class=""td-wrap""><div class=""td-wrap-in""><div class=""bg ""><span class=""rank "">0</span></div></div></div>",United States,"<div class=""td-wrap""><div class=""td-wrap-in"">80.5</div></div>",15,"<div class=""td-wrap""><div class=""td-wrap-in""><div class=""bg ""><span class=""rank "">15</span></div></div></div>",North America,,"<div class=""td-wrap""><div class=""td-wrap-in""><a href=""/universities/university-washington"">University of Washington</a></div></div>"
"<div class=""td-wrap""><div class=""td-wrap-in"">70.4</div></div>",0,"<div class=""td-wrap""><div class=""td-wrap-in""><div class=""bg ""><span class=""rank "">0</span></div></div></div>","<div class=""td-wrap""><div class=""td-wrap-in"">85.8</div></div>",0,"<div class=""td-wrap""><div class=""td-wrap-in""><div class=""bg ""><span class=""rank "">0</span></div></div></div>","<div class=""td-wrap""><div class=""td-wrap-in"">88.4</div></div>",0,"<div class=""td-wrap""><div class=""td-wrap-in""><div class=""bg ""><span class=""rank "">0</span></div></div></div>","<div class=""td-wrap""><div class=""td-wrap-in"">78.9</div></div>",0,"<div class=""td-wrap""><div class=""td-wrap-in""><div class=""bg ""><span class=""rank "">0</span></div></div></div>",China (Mainland),"<div class=""td-wrap""><div class=""td-wrap-in"">79.9</div></div>",16,"<div class=""td-wrap""><div class=""td-wrap-in""><div class=""bg ""><span class=""rank "">16</span></div></div></div>",Asia,,"<div class=""td-wrap""><div class=""td-wrap-in""><a href=""/universities/peking-university"">Peking University</a></div></div>"
"<div class=""td-wrap""><div class=""td-wrap-in"">70.3</div></div>",0,"<div class=""td-wrap""><div class=""td-wrap-in""><div class=""bg ""><span class=""rank "">0</span></div></div></div>","<div class=""td-wrap""><div class=""td-wrap-in"">69</div></div>",0,"<div class=""td-wrap""><div class=""td-wrap-in""><div class=""bg ""><span class=""rank "">0</span></div></div></div>","<div class=""td-wrap""><div class=""td-wrap-in"">92.7</div></div>",0,"<div class=""td-wrap""><div class=""td-wrap-in""><div class=""bg ""><span class=""rank "">0</span></div></div></div>","<div class=""td-wrap""><div class=""td-wrap-in"">79.8</div></div>",0,"<div class=""td-wrap""><div class=""td-wrap-in""><div class=""bg ""><span class=""rank "">0</span></div></div></div>",Denmark,"<div class=""td-wrap""><div class=""td-wrap-in"">79.7</div></div>",17,"<div class=""td-wrap""><div class=""td-wrap-in""><div class=""bg ""><span class=""rank ""><span class=""sign"">=</span>17</span></div></div></div>",Europe,,"<div class=""td-wrap""><div class=""td-wrap-in""><a href=""/universities/aarhus-university"">Aarhus University</a></div></div>"
"<div class=""td-wrap""><div class=""td-wrap-in"">64.7</div></div>",0,"<div class=""td-wrap""><div class=""td-wrap-in""><div class=""bg ""><span class=""rank "">0</span></div></div></div>","<div class=""td-wrap""><div class=""td-wrap-in"">71.7</div></div>",0,"<div class=""td-wrap""><div class=""td-wrap-in""><div class=""bg ""><span class=""rank "">0</span></div></div></div>","<div class=""td-wrap""><div class=""td-wrap-in"">93</div></div>",0,"<div class=""td-wrap""><div class=""td-wrap-in""><div class=""bg ""><span class=""rank "">0</span></div></div></div>","<div class=""td-wrap""><div class=""td-wrap-in"">84</div></div>",0,"<div class=""td-wrap""><div class=""td-wrap-in""><div class=""bg ""><span class=""rank "">0</span></div></div></div>",United Kingdom,"<div class=""td-wrap""><div class=""td-wrap-in"">79.7</div></div>",18,"<div class=""td-wrap""><div class=""td-wrap-in""><div class=""bg ""><span class=""rank ""><span class=""sign"">=</span>17</span></div></div></div>",Europe,,"<div class=""td-wrap""><div class=""td-wrap-in""><a href=""/universities/university-birmingham"">University of Birmingham</a></div></div>"
"<div class=""td-wrap""><div class=""td-wrap-in"">67.2</div></div>",0,"<div class=""td-wrap""><div class=""td-wrap-in""><div class=""bg ""><span class=""rank "">0</span></div></div></div>","<div class=""td-wrap""><div class=""td-wrap-in"">84.9</div></div>",0,"<div class=""td-wrap""><div class=""td-wrap-in""><div class=""bg ""><span class=""rank "">0</span></div></div></div>","<div class=""td-wrap""><div class=""td-wrap-in"">86.6</div></div>",0,"<div class=""td-wrap""><div class=""td-wrap-in""><div class=""bg ""><span class=""rank "">0</span></div></div></div>","<div class=""td-wrap""><div class=""td-wrap-in"">83.2</div></div>",0,"<div class=""td-wrap""><div class=""td-wrap-in""><div class=""bg ""><span class=""rank "">0</span></div></div></div>",United States,"<div class=""td-wrap""><div class=""td-wrap-in"">79.6</div></div>",19,"<div class=""td-wrap""><div class=""td-wrap-in""><div class=""bg ""><span class=""rank "">19</span></div></div></div>",North America,,"<div class=""td-wrap""><div class=""td-wrap-in""><a href=""/universities/university-california-los-angeles-ucla"">University of California, Los Angeles (UCLA)</a></div></div>"
"<div class=""td-wrap""><div class=""td-wrap-in"">69.2</div></div>",0,"<div class=""td-wrap""><div class=""td-wrap-in""><div class=""bg ""><span class=""rank "">0</span></div></div></div>","<div class=""td-wrap""><div class=""td-wrap-in"">79.1</div></div>",0,"<div class=""td-wrap""><div class=""td-wrap-in""><div class=""bg ""><span class=""rank "">0</span></div></div></div>","<div class=""td-wrap""><div class=""td-wrap-in"">84.6</div></div>",0,"<div class=""td-wrap""><div class=""td-wrap-in""><div class=""bg ""><span class=""rank "">0</span></div></div></div>","<div class=""td-wrap""><div class=""td-wrap-in"">83.2</div></div>",0,"<div class=""td-wrap""><div class=""td-wrap-in""><div class=""bg ""><span class=""rank "">0</span></div></div></div>",Brazil,"<div class=""td-wrap""><div class=""td-wrap-in"">79</div></div>",20,"<div class=""td-wrap""><div class=""td-wrap-in""><div class=""bg ""><span class=""rank "">20</span></div></div></div>",Latin America,,"<div class=""td-wrap""><div class=""td-wrap-in""><a href=""/universities/universidade-estadual-de-campinas-unicamp"">Universidade Estadual de Campinas (Unicamp)</a></div></div>"
"<div class=""td-wrap""><div class=""td-wrap-in"">62.3</div></div>",0,"<div class=""td-wrap""><div class=""td-wrap-in""><div class=""bg ""><span class=""rank "">0</span></div></div></div>","<div class=""td-wrap""><div class=""td-wrap-in"">79.2</div></div>",0,"<div class=""td-wrap""><div class=""td-wrap-in""><div class=""bg ""><span class=""rank "">0</span></div></div></div>","<div class=""td-wrap""><div class=""td-wrap-in"">84.7</div></div>",0,"<div class=""td-wrap""><div class=""td-wrap-in""><div class=""bg ""><span class=""rank "">0</span></div></div></div>","<div class=""td-wrap""><div class=""td-wrap-in"">89.2</div></div>",0,"<div class=""td-wrap""><div class=""td-wrap-in""><div class=""bg ""><span class=""rank "">0</span></div></div></div>",United States,"<div class=""td-wrap""><div class=""td-wrap-in"">78.8</div></div>",21,"<div class=""td-wrap""><div class=""td-wrap-in""><div class=""bg ""><span class=""rank "">21</span></div></div></div>",North America,5,"<div class=""td-wrap""><div class=""td-wrap-in""><a href=""/universities/university-pennsylvania"">University of Pennsylvania</a></div></div>"
"<div class=""td-wrap""><div class=""td-wrap-in"">60.3</div></div>",0,"<div class=""td-wrap""><div class=""td-wrap-in""><div class=""bg ""><span class=""rank "">0</span></div></div></div>","<div class=""td-wrap""><div class=""td-wrap-in"">77</div></div>",0,"<div class=""td-wrap""><div class=""td-wrap-in""><div class=""bg ""><span class=""rank "">0</span></div></div></div>","<div class=""td-wrap""><div class=""td-wrap-in"">90.4</div></div>",0,"<div class=""td-wrap""><div class=""td-wrap-in""><div class=""bg ""><span class=""rank "">0</span></div></div></div>","<div class=""td-wrap""><div class=""td-wrap-in"">83.2</div></div>",0,"<div class=""td-wrap""><div class=""td-wrap-in""><div class=""bg ""><span class=""rank "">0</span></div></div></div>",Canada,"<div class=""td-wrap""><div class=""td-wrap-in"">77.9</div></div>",22,"<div class=""td-wrap""><div class=""td-wrap-in""><div class=""bg ""><span class=""rank "">22</span></div></div></div>",North America,,"<div class=""td-wrap""><div class=""td-wrap-in""><a href=""/universities/university-british-columbia"">University of British Columbia</a></div></div>"
"<div class=""td-wrap""><div class=""td-wrap-in"">59.4</div></div>",0,"<div class=""td-wrap""><div class=""td-wrap-in""><div class=""bg ""><span class=""rank "">0</span></div></div></div>","<div class=""td-wrap""><div class=""td-wrap-in"">36.1</div></div>",0,"<div class=""td-wrap""><div class=""td-wrap-in""><div class=""bg ""><span class=""rank "">0</span></div></div></div>","<div class=""td-wrap""><div class=""td-wrap-in"">95.1</div></div>",0,"<div class=""td-wrap""><div class=""td-wrap-in""><div class=""bg ""><span class=""rank "">0</span></div></div></div>","<div class=""td-wrap""><div class=""td-wrap-in"">92.5</div></div>",0,"<div class=""td-wrap""><div class=""td-wrap-in""><div class=""bg ""><span class=""rank "">0</span></div></div></div>",Switzerland,"<div class=""td-wrap""><div class=""td-wrap-in"">77.7</div></div>",23,"<div class=""td-wrap""><div class=""td-wrap-in""><div class=""bg ""><span class=""rank "">23</span></div></div></div>",Europe,,"<div class=""td-wrap""><div class=""td-wrap-in""><a href=""/universities/university-bern"">University of Bern</a></div></div>"
"<div class=""td-wrap""><div class=""td-wrap-in"">64.9</div></div>",0,"<div class=""td-wrap""><div class=""td-wrap-in""><div class=""bg ""><span class=""rank "">0</span></div></div></div>","<div class=""td-wrap""><div class=""td-wrap-in"">66.9</div></div>",0,"<div class=""td-wrap""><div class=""td-wrap-in""><div class=""bg ""><span class=""rank "">0</span></div></div></div>","<div class=""td-wrap""><div class=""td-wrap-in"">89</div></div>",0,"<div class=""td-wrap""><div class=""td-wrap-in""><div class=""bg ""><span class=""rank "">0</span></div></div></div>","<div class=""td-wrap""><div class=""td-wrap-in"">82.4</div></div>",0,"<div class=""td-wrap""><div class=""td-wrap-in""><div class=""bg ""><span class=""rank "">0</span></div></div></div>",United States,"<div class=""td-wrap""><div class=""td-wrap-in"">77.6</div></div>",24,"<div class=""td-wrap""><div class=""td-wrap-in""><div class=""bg ""><span class=""rank "">24</span></div></div></div>",North America,,"<div class=""td-wrap""><div class=""td-wrap-in""><a href=""/universities/boston-university"">Boston University</a></div></div>"
"<div class=""td-wrap""><div class=""td-wrap-in"">64.3</div></div>",0,"<div class=""td-wrap""><div class=""td-wrap-in""><div class=""bg ""><span class=""rank "">0</span></div></div></div>","<div class=""td-wrap""><div class=""td-wrap-in"">75.1</div></div>",0,"<div class=""td-wrap""><div class=""td-wrap-in""><div class=""bg ""><span class=""rank "">0</span></div></div></div>","<div class=""td-wrap""><div class=""td-wrap-in"">82.8</div></div>",0,"<div class=""td-wrap""><div class=""td-wrap-in""><div class=""bg ""><span class=""rank "">0</span></div></div></div>","<div class=""td-wrap""><div class=""td-wrap-in"">86.3</div></div>",0,"<div class=""td-wrap""><div class=""td-wrap-in""><div class=""bg ""><span class=""rank "">0</span></div></div></div>",Brazil,"<div class=""td-wrap""><div class=""td-wrap-in"">77.5</div></div>",25,"<div class=""td-wrap""><div class=""td-wrap-in""><div class=""bg ""><span class=""rank ""><span class=""sign"">=</span>25</span></div></div></div>",Latin America,,"<div class=""td-wrap""><div class=""td-wrap-in""><a href=""/universities/unesp"">UNESP</a></div></div>"
"<div class=""td-wrap""><div class=""td-wrap-in"">58.2</div></div>",0,"<div class=""td-wrap""><div class=""td-wrap-in""><div class=""bg ""><span class=""rank "">0</span></div></div></div>","<div class=""td-wrap""><div class=""td-wrap-in"">56.4</div></div>",0,"<div class=""td-wrap""><div class=""td-wrap-in""><div class=""bg ""><span class=""rank "">0</span></div></div></div>","<div class=""td-wrap""><div class=""td-wrap-in"">93.5</div></div>",0,"<div class=""td-wrap""><div class=""td-wrap-in""><div class=""bg ""><span class=""rank "">0</span></div></div></div>","<div class=""td-wrap""><div class=""td-wrap-in"">87.8</div></div>",0,"<div class=""td-wrap""><div class=""td-wrap-in""><div class=""bg ""><span class=""rank "">0</span></div></div></div>",Switzerland,"<div class=""td-wrap""><div class=""td-wrap-in"">77.5</div></div>",26,"<div class=""td-wrap""><div class=""td-wrap-in""><div class=""bg ""><span class=""rank ""><span class=""sign"">=</span>25</span></div></div></div>",Europe,,"<div class=""td-wrap""><div class=""td-wrap-in""><a href=""/universities/university-zurich"">University of Zurich</a></div></div>"
"<div class=""td-wrap""><div class=""td-wrap-in"">64.8</div></div>",0,"<div class=""td-wrap""><div class=""td-wrap-in""><div class=""bg ""><span class=""rank "">0</span></div></div></div>","<div class=""td-wrap""><div class=""td-wrap-in"">83.9</div></div>",0,"<div class=""td-wrap""><div class=""td-wrap-in""><div class=""bg ""><span class=""rank "">0</span></div></div></div>","<div class=""td-wrap""><div class=""td-wrap-in"">87.1</div></div>",0,"<div class=""td-wrap""><div class=""td-wrap-in""><div class=""bg ""><span class=""rank "">0</span></div></div></div>","<div class=""td-wrap""><div class=""td-wrap-in"">78</div></div>",0,"<div class=""td-wrap""><div class=""td-wrap-in""><div class=""bg ""><span class=""rank "">0</span></div></div></div>",Australia,"<div class=""td-wrap""><div class=""td-wrap-in"">77.4</div></div>",27,"<div class=""td-wrap""><div class=""td-wrap-in""><div class=""bg ""><span class=""rank "">27</span></div></div></div>",Oceania,,"<div class=""td-wrap""><div class=""td-wrap-in""><a href=""/universities/university-melbourne"">The University of Melbourne</a></div></div>"
"<div class=""td-wrap""><div class=""td-wrap-in"">61.3</div></div>",0,"<div class=""td-wrap""><div class=""td-wrap-in""><div class=""bg ""><span class=""rank "">0</span></div></div></div>","<div class=""td-wrap""><div class=""td-wrap-in"">80.6</div></div>",0,"<div class=""td-wrap""><div class=""td-wrap-in""><div class=""bg ""><span class=""rank "">0</span></div></div></div>","<div class=""td-wrap""><div class=""td-wrap-in"">85.5</div></div>",0,"<div class=""td-wrap""><div class=""td-wrap-in""><div class=""bg ""><span class=""rank "">0</span></div></div></div>","<div class=""td-wrap""><div class=""td-wrap-in"">84</div></div>",0,"<div class=""td-wrap""><div class=""td-wrap-in""><div class=""bg ""><span class=""rank "">0</span></div></div></div>",South Korea,"<div class=""td-wrap""><div class=""td-wrap-in"">77.3</div></div>",28,"<div class=""td-wrap""><div class=""td-wrap-in""><div class=""bg ""><span class=""rank "">28</span></div></div></div>",Asia,,"<div class=""td-wrap""><div class=""td-wrap-in""><a href=""/universities/seoul-national-university"">Seoul National University</a></div></div>"
"<div class=""td-wrap""><div class=""td-wrap-in"">63.1</div></div>",0,"<div class=""td-wrap""><div class=""td-wrap-in""><div class=""bg ""><span class=""rank "">0</span></div></div></div>","<div class=""td-wrap""><div class=""td-wrap-in"">71.5</div></div>",0,"<div class=""td-wrap""><div class=""td-wrap-in""><div class=""bg ""><span class=""rank "">0</span></div></div></div>","<div class=""td-wrap""><div class=""td-wrap-in"">88.4</div></div>",0,"<div class=""td-wrap""><div class=""td-wrap-in""><div class=""bg ""><span class=""rank "">0</span></div></div></div>","<div class=""td-wrap""><div class=""td-wrap-in"">80.7</div></div>",0,"<div class=""td-wrap""><div class=""td-wrap-in""><div class=""bg ""><span class=""rank "">0</span></div></div></div>",Australia,"<div class=""td-wrap""><div class=""td-wrap-in"">76.8</div></div>",29,"<div class=""td-wrap""><div class=""td-wrap-in""><div class=""bg ""><span class=""rank "">29</span></div></div></div>",Oceania,,"<div class=""td-wrap""><div class=""td-wrap-in""><a href=""/universities/university-adelaide"">The University of Adelaide</a></div></div>"
"<div class=""td-wrap""><div class=""td-wrap-in"">65.9</div></div>",0,"<div class=""td-wrap""><div class=""td-wrap-in""><div class=""bg ""><span class=""rank "">0</span></div></div></div>","<div class=""td-wrap""><div class=""td-wrap-in"">61</div></div>",0,"<div class=""td-wrap""><div class=""td-wrap-in""><div class=""bg ""><span class=""rank "">0</span></div></div></div>","<div class=""td-wrap""><div class=""td-wrap-in"">90.4</div></div>",0,"<div class=""td-wrap""><div class=""td-wrap-in""><div class=""bg ""><span class=""rank "">0</span></div></div></div>","<div class=""td-wrap""><div class=""td-wrap-in"">78.9</div></div>",0,"<div class=""td-wrap""><div class=""td-wrap-in""><div class=""bg ""><span class=""rank "">0</span></div></div></div>",Sweden,"<div class=""td-wrap""><div class=""td-wrap-in"">76.7</div></div>",30,"<div class=""td-wrap""><div class=""td-wrap-in""><div class=""bg ""><span class=""rank ""><span class=""sign"">=</span>30</span></div></div></div>",Europe,,"<div class=""td-wrap""><div class=""td-wrap-in""><a href=""/universities/malmo-university"">Malmo University</a></div></div>"
"<div class=""td-wrap""><div class=""td-wrap-in"">76.4</div></div>",0,"<div class=""td-wrap""><div class=""td-wrap-in""><div class=""bg ""><span class=""rank "">0</span></div></div></div>","<div class=""td-wrap""><div class=""td-wrap-in"">63.2</div></div>",0,"<div class=""td-wrap""><div class=""td-wrap-in""><div class=""bg ""><span class=""rank "">0</span></div></div></div>","<div class=""td-wrap""><div class=""td-wrap-in"">81.2</div></div>",0,"<div class=""td-wrap""><div class=""td-wrap-in""><div class=""bg ""><span class=""rank "">0</span></div></div></div>","<div class=""td-wrap""><div class=""td-wrap-in"">77</div></div>",0,"<div class=""td-wrap""><div class=""td-wrap-in""><div class=""bg ""><span class=""rank "">0</span></div></div></div>",United States,"<div class=""td-wrap""><div class=""td-wrap-in"">76.7</div></div>",31,"<div class=""td-wrap""><div class=""td-wrap-in""><div class=""bg ""><span class=""rank ""><span class=""sign"">=</span>30</span></div></div></div>",North America,,"<div class=""td-wrap""><div class=""td-wrap-in""><a href=""/universities/university-california-san-francisco"">University of California, San Francisco</a></div></div>"
"<div class=""td-wrap""><div class=""td-wrap-in"">53.7</div></div>",0,"<div class=""td-wrap""><div class=""td-wrap-in""><div class=""bg ""><span class=""rank "">0</span></div></div></div>","<div class=""td-wrap""><div class=""td-wrap-in"">81.4</div></div>",0,"<div class=""td-wrap""><div class=""td-wrap-in""><div class=""bg ""><span class=""rank "">0</span></div></div></div>","<div class=""td-wrap""><div class=""td-wrap-in"">89.2</div></div>",0,"<div class=""td-wrap""><div class=""td-wrap-in""><div class=""bg ""><span class=""rank "">0</span></div></div></div>","<div class=""td-wrap""><div class=""td-wrap-in"">84.8</div></div>",0,"<div class=""td-wrap""><div class=""td-wrap-in""><div class=""bg ""><span class=""rank "">0</span></div></div></div>",United States,"<div class=""td-wrap""><div class=""td-wrap-in"">76.5</div></div>",32,"<div class=""td-wrap""><div class=""td-wrap-in""><div class=""bg ""><span class=""rank "">32</span></div></div></div>",North America,,"<div class=""td-wrap""><div class=""td-wrap-in""><a href=""/universities/columbia-university"">Columbia University</a></div></div>"
"<div class=""td-wrap""><div class=""td-wrap-in"">62.2</div></div>",0,"<div class=""td-wrap""><div class=""td-wrap-in""><div class=""bg ""><span class=""rank "">0</span></div></div></div>","<div class=""td-wrap""><div class=""td-wrap-in"">57</div></div>",0,"<div class=""td-wrap""><div class=""td-wrap-in""><div class=""bg ""><span class=""rank "">0</span></div></div></div>","<div class=""td-wrap""><div class=""td-wrap-in"">90.4</div></div>",0,"<div class=""td-wrap""><div class=""td-wrap-in""><div class=""bg ""><span class=""rank "">0</span></div></div></div>","<div class=""td-wrap""><div class=""td-wrap-in"">83.2</div></div>",0,"<div class=""td-wrap""><div class=""td-wrap-in""><div class=""bg ""><span class=""rank "">0</span></div></div></div>",Spain,"<div class=""td-wrap""><div class=""td-wrap-in"">76.4</div></div>",33,"<div class=""td-wrap""><div class=""td-wrap-in""><div class=""bg ""><span class=""rank "">33</span></div></div></div>",Europe,,"<div class=""td-wrap""><div class=""td-wrap-in""><a href=""/universities/complutense-university-madrid"">Complutense University of Madrid</a></div></div>"
"<div class=""td-wrap""><div class=""td-wrap-in"">76.6</div></div>",0,"<div class=""td-wrap""><div class=""td-wrap-in""><div class=""bg ""><span class=""rank "">0</span></div></div></div>","<div class=""td-wrap""><div class=""td-wrap-in"">69.1</div></div>",0,"<div class=""td-wrap""><div class=""td-wrap-in""><div class=""bg ""><span class=""rank "">0</span></div></div></div>","<div class=""td-wrap""><div class=""td-wrap-in"">82.4</div></div>",0,"<div class=""td-wrap""><div class=""td-wrap-in""><div class=""bg ""><span class=""rank "">0</span></div></div></div>","<div class=""td-wrap""><div class=""td-wrap-in"">71.9</div></div>",0,"<div class=""td-wrap""><div class=""td-wrap-in""><div class=""bg ""><span class=""rank "">0</span></div></div></div>",United Kingdom,"<div class=""td-wrap""><div class=""td-wrap-in"">76.2</div></div>",34,"<div class=""td-wrap""><div class=""td-wrap-in""><div class=""bg ""><span class=""rank ""><span class=""sign"">=</span>34</span></div></div></div>",Europe,,"<div class=""td-wrap""><div class=""td-wrap-in""><a href=""/universities/university-manchester"">The University of Manchester</a></div></div>"
"<div class=""td-wrap""><div class=""td-wrap-in"">61.7</div></div>",0,"<div class=""td-wrap""><div class=""td-wrap-in""><div class=""bg ""><span class=""rank "">0</span></div></div></div>","<div class=""td-wrap""><div class=""td-wrap-in"">74.6</div></div>",0,"<div class=""td-wrap""><div class=""td-wrap-in""><div class=""bg ""><span class=""rank "">0</span></div></div></div>","<div class=""td-wrap""><div class=""td-wrap-in"">88.5</div></div>",0,"<div class=""td-wrap""><div class=""td-wrap-in""><div class=""bg ""><span class=""rank "">0</span></div></div></div>","<div class=""td-wrap""><div class=""td-wrap-in"">78.9</div></div>",0,"<div class=""td-wrap""><div class=""td-wrap-in""><div class=""bg ""><span class=""rank "">0</span></div></div></div>",Finland,"<div class=""td-wrap""><div class=""td-wrap-in"">76.2</div></div>",35,"<div class=""td-wrap""><div class=""td-wrap-in""><div class=""bg ""><span class=""rank ""><span class=""sign"">=</span>34</span></div></div></div>",Europe,,"<div class=""td-wrap""><div class=""td-wrap-in""><a href=""/universities/university-helsinki"">University of Helsinki</a></div></div>"
"<div class=""td-wrap""><div class=""td-wrap-in"">68.2</div></div>",0,"<div class=""td-wrap""><div class=""td-wrap-in""><div class=""bg ""><span class=""rank "">0</span></div></div></div>","<div class=""td-wrap""><div class=""td-wrap-in"">46.5</div></div>",0,"<div class=""td-wrap""><div class=""td-wrap-in""><div class=""bg ""><span class=""rank "">0</span></div></div></div>","<div class=""td-wrap""><div class=""td-wrap-in"">87.1</div></div>",0,"<div class=""td-wrap""><div class=""td-wrap-in""><div class=""bg ""><span class=""rank "">0</span></div></div></div>","<div class=""td-wrap""><div class=""td-wrap-in"">81.5</div></div>",0,"<div class=""td-wrap""><div class=""td-wrap-in""><div class=""bg ""><span class=""rank "">0</span></div></div></div>",United States,"<div class=""td-wrap""><div class=""td-wrap-in"">75.7</div></div>",36,"<div class=""td-wrap""><div class=""td-wrap-in""><div class=""bg ""><span class=""rank "">36</span></div></div></div>",North America,,"<div class=""td-wrap""><div class=""td-wrap-in""><a href=""/universities/university-iowa"">University of Iowa</a></div></div>"
"<div class=""td-wrap""><div class=""td-wrap-in"">60.6</div></div>",0,"<div class=""td-wrap""><div class=""td-wrap-in""><div class=""bg ""><span class=""rank "">0</span></div></div></div>","<div class=""td-wrap""><div class=""td-wrap-in"">56.1</div></div>",0,"<div class=""td-wrap""><div class=""td-wrap-in""><div class=""bg ""><span class=""rank "">0</span></div></div></div>","<div class=""td-wrap""><div class=""td-wrap-in"">88.5</div></div>",0,"<div class=""td-wrap""><div class=""td-wrap-in""><div class=""bg ""><span class=""rank "">0</span></div></div></div>","<div class=""td-wrap""><div class=""td-wrap-in"">83.2</div></div>",0,"<div class=""td-wrap""><div class=""td-wrap-in""><div class=""bg ""><span class=""rank "">0</span></div></div></div>",United Kingdom,"<div class=""td-wrap""><div class=""td-wrap-in"">75.3</div></div>",37,"<div class=""td-wrap""><div class=""td-wrap-in""><div class=""bg ""><span class=""rank "">37</span></div></div></div>",Europe,6,"<div class=""td-wrap""><div class=""td-wrap-in""><a href=""/universities/newcastle-university"">Newcastle University</a></div></div>"
"<div class=""td-wrap""><div class=""td-wrap-in"">66.5</div></div>",0,"<div class=""td-wrap""><div class=""td-wrap-in""><div class=""bg ""><span class=""rank "">0</span></div></div></div>","<div class=""td-wrap""><div class=""td-wrap-in"">81.5</div></div>",0,"<div class=""td-wrap""><div class=""td-wrap-in""><div class=""bg ""><span class=""rank "">0</span></div></div></div>","<div class=""td-wrap""><div class=""td-wrap-in"">82.4</div></div>",0,"<div class=""td-wrap""><div class=""td-wrap-in""><div class=""bg ""><span class=""rank "">0</span></div></div></div>","<div class=""td-wrap""><div class=""td-wrap-in"">74</div></div>",0,"<div class=""td-wrap""><div class=""td-wrap-in""><div class=""bg ""><span class=""rank "">0</span></div></div></div>",Japan,"<div class=""td-wrap""><div class=""td-wrap-in"">75</div></div>",38,"<div class=""td-wrap""><div class=""td-wrap-in""><div class=""bg ""><span class=""rank "">38</span></div></div></div>",Asia,,"<div class=""td-wrap""><div class=""td-wrap-in""><a href=""/universities/osaka-university"">Osaka University</a></div></div>"
"<div class=""td-wrap""><div class=""td-wrap-in"">59.4</div></div>",0,"<div class=""td-wrap""><div class=""td-wrap-in""><div class=""bg ""><span class=""rank "">0</span></div></div></div>","<div class=""td-wrap""><div class=""td-wrap-in"">63.5</div></div>",0,"<div class=""td-wrap""><div class=""td-wrap-in""><div class=""bg ""><span class=""rank "">0</span></div></div></div>","<div class=""td-wrap""><div class=""td-wrap-in"">85.3</div></div>",0,"<div class=""td-wrap""><div class=""td-wrap-in""><div class=""bg ""><span class=""rank "">0</span></div></div></div>","<div class=""td-wrap""><div class=""td-wrap-in"">82.4</div></div>",0,"<div class=""td-wrap""><div class=""td-wrap-in""><div class=""bg ""><span class=""rank "">0</span></div></div></div>",United States,"<div class=""td-wrap""><div class=""td-wrap-in"">74.5</div></div>",39,"<div class=""td-wrap""><div class=""td-wrap-in""><div class=""bg ""><span class=""rank "">39</span></div></div></div>",North America,,"<div class=""td-wrap""><div class=""td-wrap-in""><a href=""/universities/university-southern-california"">University of Southern California</a></div></div>"
"<div class=""td-wrap""><div class=""td-wrap-in"">54.1</div></div>",0,"<div class=""td-wrap""><div class=""td-wrap-in""><div class=""bg ""><span class=""rank "">0</span></div></div></div>","<div class=""td-wrap""><div class=""td-wrap-in"">73.3</div></div>",0,"<div class=""td-wrap""><div class=""td-wrap-in""><div class=""bg ""><span class=""rank "">0</span></div></div></div>","<div class=""td-wrap""><div class=""td-wrap-in"">90.2</div></div>",0,"<div class=""td-wrap""><div class=""td-wrap-in""><div class=""bg ""><span class=""rank "">0</span></div></div></div>","<div class=""td-wrap""><div class=""td-wrap-in"">78.9</div></div>",0,"<div class=""td-wrap""><div class=""td-wrap-in""><div class=""bg ""><span class=""rank "">0</span></div></div></div>",United States,"<div class=""td-wrap""><div class=""td-wrap-in"">74.3</div></div>",40,"<div class=""td-wrap""><div class=""td-wrap-in""><div class=""bg ""><span class=""rank "">40</span></div></div></div>",North America,,"<div class=""td-wrap""><div class=""td-wrap-in""><a href=""/universities/ohio-state-university"">The Ohio State University</a></div></div>"
"<div class=""td-wrap""><div class=""td-wrap-in"">55</div></div>",0,"<div class=""td-wrap""><div class=""td-wrap-in""><div class=""bg ""><span class=""rank "">0</span></div></div></div>","<div class=""td-wrap""><div class=""td-wrap-in"">44</div></div>",0,"<div class=""td-wrap""><div class=""td-wrap-in""><div class=""bg ""><span class=""rank "">0</span></div></div></div>","<div class=""td-wrap""><div class=""td-wrap-in"">93</div></div>",0,"<div class=""td-wrap""><div class=""td-wrap-in""><div class=""bg ""><span class=""rank "">0</span></div></div></div>","<div class=""td-wrap""><div class=""td-wrap-in"">84</div></div>",0,"<div class=""td-wrap""><div class=""td-wrap-in""><div class=""bg ""><span class=""rank "">0</span></div></div></div>",Netherlands,"<div class=""td-wrap""><div class=""td-wrap-in"">74</div></div>",41,"<div class=""td-wrap""><div class=""td-wrap-in""><div class=""bg ""><span class=""rank "">41</span></div></div></div>",Europe,,"<div class=""td-wrap""><div class=""td-wrap-in""><a href=""/universities/radboud-university"">Radboud University</a></div></div>"
"<div class=""td-wrap""><div class=""td-wrap-in"">67.5</div></div>",0,"<div class=""td-wrap""><div class=""td-wrap-in""><div class=""bg ""><span class=""rank "">0</span></div></div></div>","<div class=""td-wrap""><div class=""td-wrap-in"">81.8</div></div>",0,"<div class=""td-wrap""><div class=""td-wrap-in""><div class=""bg ""><span class=""rank "">0</span></div></div></div>","<div class=""td-wrap""><div class=""td-wrap-in"">80.8</div></div>",0,"<div class=""td-wrap""><div class=""td-wrap-in""><div class=""bg ""><span class=""rank "">0</span></div></div></div>","<div class=""td-wrap""><div class=""td-wrap-in"">70.8</div></div>",0,"<div class=""td-wrap""><div class=""td-wrap-in""><div class=""bg ""><span class=""rank "">0</span></div></div></div>",Australia,"<div class=""td-wrap""><div class=""td-wrap-in"">73.9</div></div>",42,"<div class=""td-wrap""><div class=""td-wrap-in""><div class=""bg ""><span class=""rank "">42</span></div></div></div>",Oceania,6,"<div class=""td-wrap""><div class=""td-wrap-in""><a href=""/universities/university-sydney"">The University of Sydney</a></div></div>"
"<div class=""td-wrap""><div class=""td-wrap-in"">49.4</div></div>",0,"<div class=""td-wrap""><div class=""td-wrap-in""><div class=""bg ""><span class=""rank "">0</span></div></div></div>","<div class=""td-wrap""><div class=""td-wrap-in"">89.2</div></div>",0,"<div class=""td-wrap""><div class=""td-wrap-in""><div class=""bg ""><span class=""rank "">0</span></div></div></div>","<div class=""td-wrap""><div class=""td-wrap-in"">88.5</div></div>",0,"<div class=""td-wrap""><div class=""td-wrap-in""><div class=""bg ""><span class=""rank "">0</span></div></div></div>","<div class=""td-wrap""><div class=""td-wrap-in"">78</div></div>",0,"<div class=""td-wrap""><div class=""td-wrap-in""><div class=""bg ""><span class=""rank "">0</span></div></div></div>",Finland,"<div class=""td-wrap""><div class=""td-wrap-in"">73.7</div></div>",43,"<div class=""td-wrap""><div class=""td-wrap-in""><div class=""bg ""><span class=""rank "">43</span></div></div></div>",Europe,,"<div class=""td-wrap""><div class=""td-wrap-in""><a href=""/universities/university-turku"">University of Turku</a></div></div>"
"<div class=""td-wrap""><div class=""td-wrap-in"">49.5</div></div>",0,"<div class=""td-wrap""><div class=""td-wrap-in""><div class=""bg ""><span class=""rank "">0</span></div></div></div>","<div class=""td-wrap""><div class=""td-wrap-in"">52.8</div></div>",0,"<div class=""td-wrap""><div class=""td-wrap-in""><div class=""bg ""><span class=""rank "">0</span></div></div></div>","<div class=""td-wrap""><div class=""td-wrap-in"">91.6</div></div>",0,"<div class=""td-wrap""><div class=""td-wrap-in""><div class=""bg ""><span class=""rank "">0</span></div></div></div>","<div class=""td-wrap""><div class=""td-wrap-in"">86.3</div></div>",0,"<div class=""td-wrap""><div class=""td-wrap-in""><div class=""bg ""><span class=""rank "">0</span></div></div></div>",United States,"<div class=""td-wrap""><div class=""td-wrap-in"">73.5</div></div>",44,"<div class=""td-wrap""><div class=""td-wrap-in""><div class=""bg ""><span class=""rank "">44</span></div></div></div>",North America,,"<div class=""td-wrap""><div class=""td-wrap-in""><a href=""/universities/university-minnesota"">University of Minnesota</a></div></div>"
"<div class=""td-wrap""><div class=""td-wrap-in"">58.8</div></div>",0,"<div class=""td-wrap""><div class=""td-wrap-in""><div class=""bg ""><span class=""rank "">0</span></div></div></div>","<div class=""td-wrap""><div class=""td-wrap-in"">86.1</div></div>",0,"<div class=""td-wrap""><div class=""td-wrap-in""><div class=""bg ""><span class=""rank "">0</span></div></div></div>","<div class=""td-wrap""><div class=""td-wrap-in"">83.4</div></div>",0,"<div class=""td-wrap""><div class=""td-wrap-in""><div class=""bg ""><span class=""rank "">0</span></div></div></div>","<div class=""td-wrap""><div class=""td-wrap-in"">73</div></div>",0,"<div class=""td-wrap""><div class=""td-wrap-in""><div class=""bg ""><span class=""rank "">0</span></div></div></div>",Taiwan,"<div class=""td-wrap""><div class=""td-wrap-in"">73.2</div></div>",45,"<div class=""td-wrap""><div class=""td-wrap-in""><div class=""bg ""><span class=""rank ""><span class=""sign"">=</span>45</span></div></div></div>",Asia,,"<div class=""td-wrap""><div class=""td-wrap-in""><a href=""/universities/national-taiwan-university-ntu"">National Taiwan University (NTU)</a></div></div>"
"<div class=""td-wrap""><div class=""td-wrap-in"">53.2</div></div>",0,"<div class=""td-wrap""><div class=""td-wrap-in""><div class=""bg ""><span class=""rank "">0</span></div></div></div>","<div class=""td-wrap""><div class=""td-wrap-in"">72</div></div>",0,"<div class=""td-wrap""><div class=""td-wrap-in""><div class=""bg ""><span class=""rank "">0</span></div></div></div>","<div class=""td-wrap""><div class=""td-wrap-in"">85.3</div></div>",0,"<div class=""td-wrap""><div class=""td-wrap-in""><div class=""bg ""><span class=""rank "">0</span></div></div></div>","<div class=""td-wrap""><div class=""td-wrap-in"">81.5</div></div>",0,"<div class=""td-wrap""><div class=""td-wrap-in""><div class=""bg ""><span class=""rank "">0</span></div></div></div>",United States,"<div class=""td-wrap""><div class=""td-wrap-in"">73.2</div></div>",46,"<div class=""td-wrap""><div class=""td-wrap-in""><div class=""bg ""><span class=""rank ""><span class=""sign"">=</span>45</span></div></div></div>",North America,,"<div class=""td-wrap""><div class=""td-wrap-in""><a href=""/universities/university-florida"">University of Florida</a></div></div>"
"<div class=""td-wrap""><div class=""td-wrap-in"">55.6</div></div>",0,"<div class=""td-wrap""><div class=""td-wrap-in""><div class=""bg ""><span class=""rank "">0</span></div></div></div>","<div class=""td-wrap""><div class=""td-wrap-in"">78.7</div></div>",0,"<div class=""td-wrap""><div class=""td-wrap-in""><div class=""bg ""><span class=""rank "">0</span></div></div></div>","<div class=""td-wrap""><div class=""td-wrap-in"">81.4</div></div>",0,"<div class=""td-wrap""><div class=""td-wrap-in""><div class=""bg ""><span class=""rank "">0</span></div></div></div>","<div class=""td-wrap""><div class=""td-wrap-in"">79.8</div></div>",0,"<div class=""td-wrap""><div class=""td-wrap-in""><div class=""bg ""><span class=""rank "">0</span></div></div></div>",Canada,"<div class=""td-wrap""><div class=""td-wrap-in"">72.9</div></div>",47,"<div class=""td-wrap""><div class=""td-wrap-in""><div class=""bg ""><span class=""rank "">47</span></div></div></div>",North America,,"<div class=""td-wrap""><div class=""td-wrap-in""><a href=""/universities/university-toronto"">University of Toronto</a></div></div>"
"<div class=""td-wrap""><div class=""td-wrap-in"">39</div></div>",0,"<div class=""td-wrap""><div class=""td-wrap-in""><div class=""bg ""><span class=""rank "">0</span></div></div></div>","<div class=""td-wrap""><div class=""td-wrap-in"">69.5</div></div>",0,"<div class=""td-wrap""><div class=""td-wrap-in""><div class=""bg ""><span class=""rank "">0</span></div></div></div>","<div class=""td-wrap""><div class=""td-wrap-in"">94.4</div></div>",0,"<div class=""td-wrap""><div class=""td-wrap-in""><div class=""bg ""><span class=""rank "">0</span></div></div></div>","<div class=""td-wrap""><div class=""td-wrap-in"">85.6</div></div>",0,"<div class=""td-wrap""><div class=""td-wrap-in""><div class=""bg ""><span class=""rank "">0</span></div></div></div>",Finland,"<div class=""td-wrap""><div class=""td-wrap-in"">72.7</div></div>",48,"<div class=""td-wrap""><div class=""td-wrap-in""><div class=""bg ""><span class=""rank "">48</span></div></div></div>",Europe,,"<div class=""td-wrap""><div class=""td-wrap-in""><a href=""/universities/university-oulu"">University of Oulu</a></div></div>"
"<div class=""td-wrap""><div class=""td-wrap-in"">51.2</div></div>",0,"<div class=""td-wrap""><div class=""td-wrap-in""><div class=""bg ""><span class=""rank "">0</span></div></div></div>","<div class=""td-wrap""><div class=""td-wrap-in"">49.9</div></div>",0,"<div class=""td-wrap""><div class=""td-wrap-in""><div class=""bg ""><span class=""rank "">0</span></div></div></div>","<div class=""td-wrap""><div class=""td-wrap-in"">90.2</div></div>",0,"<div class=""td-wrap""><div class=""td-wrap-in""><div class=""bg ""><span class=""rank "">0</span></div></div></div>","<div class=""td-wrap""><div class=""td-wrap-in"">83.2</div></div>",0,"<div class=""td-wrap""><div class=""td-wrap-in""><div class=""bg ""><span class=""rank "">0</span></div></div></div>",Switzerland,"<div class=""td-wrap""><div class=""td-wrap-in"">72.4</div></div>",49,"<div class=""td-wrap""><div class=""td-wrap-in""><div class=""bg ""><span class=""rank "">49</span></div></div></div>",Europe,,"<div class=""td-wrap""><div class=""td-wrap-in""><a href=""/universities/university-geneva"">University of Geneva</a></div></div>"
"<div class=""td-wrap""><div class=""td-wrap-in"">58.4</div></div>",0,"<div class=""td-wrap""><div class=""td-wrap-in""><div class=""bg ""><span class=""rank "">0</span></div></div></div>","<div class=""td-wrap""><div class=""td-wrap-in"">71.5</div></div>",0,"<div class=""td-wrap""><div class=""td-wrap-in""><div class=""bg ""><span class=""rank "">0</span></div></div></div>","<div class=""td-wrap""><div class=""td-wrap-in"">80.6</div></div>",0,"<div class=""td-wrap""><div class=""td-wrap-in""><div class=""bg ""><span class=""rank "">0</span></div></div></div>","<div class=""td-wrap""><div class=""td-wrap-in"">78</div></div>",0,"<div class=""td-wrap""><div class=""td-wrap-in""><div class=""bg ""><span class=""rank "">0</span></div></div></div>",United Kingdom,"<div class=""td-wrap""><div class=""td-wrap-in"">72.3</div></div>",50,"<div class=""td-wrap""><div class=""td-wrap-in""><div class=""bg ""><span class=""rank "">50</span></div></div></div>",Europe,6,"<div class=""td-wrap""><div class=""td-wrap-in""><a href=""/universities/university-bristol"">University of Bristol</a></div></div>"
