Academic Reputation,SCORE,SCORE,Employer Reputation,SCORE,SCORE,Citations per Paper,SCORE,SCORE,LOCATION,OVERALL SCORE,# RANK,# RANK,REGION,STARS,UNIVERSITY
"<div class=""td-wrap""><div class=""td-wrap-in"">100</div></div>",1,"<div class=""td-wrap""><div class=""td-wrap-in""><div class=""bg ""><span class=""rank "">1</span></div></div></div>","<div class=""td-wrap""><div class=""td-wrap-in"">100</div></div>",1,"<div class=""td-wrap""><div class=""td-wrap-in""><div class=""bg ""><span class=""rank "">1</span></div></div></div>","<div class=""td-wrap""><div class=""td-wrap-in"">89.5</div></div>",5,"<div class=""td-wrap""><div class=""td-wrap-in""><div class=""bg ""><span class=""rank "">5</span></div></div></div>",United States,"<div class=""td-wrap""><div class=""td-wrap-in"">99</div></div>",1,"<div class=""td-wrap""><div class=""td-wrap-in""><div class=""bg ""><span class=""rank "">1</span></div></div></div>",North America,,"<div class=""td-wrap""><div class=""td-wrap-in""><a href=""/universities/harvard-university"">Harvard University</a></div></div>"
"<div class=""td-wrap""><div class=""td-wrap-in"">96.6</div></div>",3,"<div class=""td-wrap""><div class=""td-wrap-in""><div class=""bg ""><span class=""rank "">3</span></div></div></div>","<div class=""td-wrap""><div class=""td-wrap-in"">98.2</div></div>",3,"<div class=""td-wrap""><div class=""td-wrap-in""><div class=""bg ""><span class=""rank "">3</span></div></div></div>","<div class=""td-wrap""><div class=""td-wrap-in"">79.6</div></div>",28,"<div class=""td-wrap""><div class=""td-wrap-in""><div class=""bg ""><span class=""rank "">28</span></div></div></div>",United Kingdom,"<div class=""td-wrap""><div class=""td-wrap-in"">95.2</div></div>",2,"<div class=""td-wrap""><div class=""td-wrap-in""><div class=""bg ""><span class=""rank "">2</span></div></div></div>",Europe,,"<div class=""td-wrap""><div class=""td-wrap-in""><a href=""/universities/university-oxford"">University of Oxford</a></div></div>"
"<div class=""td-wrap""><div class=""td-wrap-in"">95.9</div></div>",4,"<div class=""td-wrap""><div class=""td-wrap-in""><div class=""bg ""><span class=""rank "">4</span></div></div></div>","<div class=""td-wrap""><div class=""td-wrap-in"">92.6</div></div>",6,"<div class=""td-wrap""><div class=""td-wrap-in""><div class=""bg ""><span class=""rank "">6</span></div></div></div>","<div class=""td-wrap""><div class=""td-wrap-in"">82</div></div>",18,"<div class=""td-wrap""><div class=""td-wrap-in""><div class=""bg ""><span class=""rank "">18</span></div></div></div>",United Kingdom,"<div class=""td-wrap""><div class=""td-wrap-in"">93.9</div></div>",3,"<div class=""td-wrap""><div class=""td-wrap-in""><div class=""bg ""><span class=""rank "">3</span></div></div></div>",Europe,,"<div class=""td-wrap""><div class=""td-wrap-in""><a href=""/universities/london-school-economics-political-science-lse"">The London School of Economics and Political Science (LSE)</a></div></div>"
"<div class=""td-wrap""><div class=""td-wrap-in"">93.5</div></div>",6,"<div class=""td-wrap""><div class=""td-wrap-in""><div class=""bg ""><span class=""rank "">6</span></div></div></div>","<div class=""td-wrap""><div class=""td-wrap-in"">98.7</div></div>",2,"<div class=""td-wrap""><div class=""td-wrap-in""><div class=""bg ""><span class=""rank "">2</span></div></div></div>","<div class=""td-wrap""><div class=""td-wrap-in"">75</div></div>",45,"<div class=""td-wrap""><div class=""td-wrap-in""><div class=""bg ""><span class=""rank "">45</span></div></div></div>",United Kingdom,"<div class=""td-wrap""><div class=""td-wrap-in"">92.7</div></div>",4,"<div class=""td-wrap""><div class=""td-wrap-in""><div class=""bg ""><span class=""rank "">4</span></div></div></div>",Europe,,"<div class=""td-wrap""><div class=""td-wrap-in""><a href=""/universities/university-cambridge"">University of Cambridge</a></div></div>"
"<div class=""td-wrap""><div class=""td-wrap-in"">94.9</div></div>",5,"<div class=""td-wrap""><div class=""td-wrap-in""><div class=""bg ""><span class=""rank "">5</span></div></div></div>","<div class=""td-wrap""><div class=""td-wrap-in"">89.2</div></div>",16,"<div class=""td-wrap""><div class=""td-wrap-in""><div class=""bg ""><span class=""rank "">16</span></div></div></div>","<div class=""td-wrap""><div class=""td-wrap-in"">81</div></div>",24,"<div class=""td-wrap""><div class=""td-wrap-in""><div class=""bg ""><span class=""rank "">24</span></div></div></div>",United States,"<div class=""td-wrap""><div class=""td-wrap-in"">92.4</div></div>",5,"<div class=""td-wrap""><div class=""td-wrap-in""><div class=""bg ""><span class=""rank "">5</span></div></div></div>",North America,,"<div class=""td-wrap""><div class=""td-wrap-in""><a href=""/universities/university-california-berkeley-ucb"">University of California, Berkeley (UCB)</a></div></div>"
"<div class=""td-wrap""><div class=""td-wrap-in"">91.1</div></div>",8,"<div class=""td-wrap""><div class=""td-wrap-in""><div class=""bg ""><span class=""rank "">8</span></div></div></div>","<div class=""td-wrap""><div class=""td-wrap-in"">93</div></div>",5,"<div class=""td-wrap""><div class=""td-wrap-in""><div class=""bg ""><span class=""rank "">5</span></div></div></div>","<div class=""td-wrap""><div class=""td-wrap-in"">91.9</div></div>",3,"<div class=""td-wrap""><div class=""td-wrap-in""><div class=""bg ""><span class=""rank "">3</span></div></div></div>",United States,"<div class=""td-wrap""><div class=""td-wrap-in"">91.6</div></div>",6,"<div class=""td-wrap""><div class=""td-wrap-in""><div class=""bg ""><span class=""rank "">6</span></div></div></div>",North America,,"<div class=""td-wrap""><div class=""td-wrap-in""><a href=""/universities/stanford-university"">Stanford University</a></div></div>"
"<div class=""td-wrap""><div class=""td-wrap-in"">87</div></div>",16,"<div class=""td-wrap""><div class=""td-wrap-in""><div class=""bg ""><span class=""rank "">=15</span></div></div></div>","<div class=""td-wrap""><div class=""td-wrap-in"">93.4</div></div>",4,"<div class=""td-wrap""><div class=""td-wrap-in""><div class=""bg ""><span class=""rank "">4</span></div></div></div>","<div class=""td-wrap""><div class=""td-wrap-in"">92.3</div></div>",2,"<div class=""td-wrap""><div class=""td-wrap-in""><div class=""bg ""><span class=""rank "">2</span></div></div></div>",United States,"<div class=""td-wrap""><div class=""td-wrap-in"">88.8</div></div>",7,"<div class=""td-wrap""><div class=""td-wrap-in""><div class=""bg ""><span class=""rank "">7</span></div></div></div>",North America,,"<div class=""td-wrap""><div class=""td-wrap-in""><a href=""/universities/massachusetts-institute-technology-mit"">Massachusetts Institute of Technology (MIT)</a></div></div>"
"<div class=""td-wrap""><div class=""td-wrap-in"">89.6</div></div>",9,"<div class=""td-wrap""><div class=""td-wrap-in""><div class=""bg ""><span class=""rank "">9</span></div></div></div>","<div class=""td-wrap""><div class=""td-wrap-in"">83.8</div></div>",29,"<div class=""td-wrap""><div class=""td-wrap-in""><div class=""bg ""><span class=""rank "">29</span></div></div></div>","<div class=""td-wrap""><div class=""td-wrap-in"">77.2</div></div>",35,"<div class=""td-wrap""><div class=""td-wrap-in""><div class=""bg ""><span class=""rank "">35</span></div></div></div>",Canada,"<div class=""td-wrap""><div class=""td-wrap-in"">87.2</div></div>",8,"<div class=""td-wrap""><div class=""td-wrap-in""><div class=""bg ""><span class=""rank "">8</span></div></div></div>",North America,,"<div class=""td-wrap""><div class=""td-wrap-in""><a href=""/universities/university-toronto"">University of Toronto</a></div></div>"
"<div class=""td-wrap""><div class=""td-wrap-in"">88.1</div></div>",10,"<div class=""td-wrap""><div class=""td-wrap-in""><div class=""bg ""><span class=""rank "">10</span></div></div></div>","<div class=""td-wrap""><div class=""td-wrap-in"">81</div></div>",37,"<div class=""td-wrap""><div class=""td-wrap-in""><div class=""bg ""><span class=""rank "">37</span></div></div></div>","<div class=""td-wrap""><div class=""td-wrap-in"">88.1</div></div>",7,"<div class=""td-wrap""><div class=""td-wrap-in""><div class=""bg ""><span class=""rank "">7</span></div></div></div>",United States,"<div class=""td-wrap""><div class=""td-wrap-in"">86.7</div></div>",9,"<div class=""td-wrap""><div class=""td-wrap-in""><div class=""bg ""><span class=""rank "">9</span></div></div></div>",North America,,"<div class=""td-wrap""><div class=""td-wrap-in""><a href=""/universities/university-chicago"">University of Chicago</a></div></div>"
"<div class=""td-wrap""><div class=""td-wrap-in"">92.1</div></div>",7,"<div class=""td-wrap""><div class=""td-wrap-in""><div class=""bg ""><span class=""rank "">7</span></div></div></div>","<div class=""td-wrap""><div class=""td-wrap-in"">73.3</div></div>",59,"<div class=""td-wrap""><div class=""td-wrap-in""><div class=""bg ""><span class=""rank "">59</span></div></div></div>","<div class=""td-wrap""><div class=""td-wrap-in"">72.8</div></div>",51,"<div class=""td-wrap""><div class=""td-wrap-in""><div class=""bg ""><span class=""rank "">51</span></div></div></div>",United States,"<div class=""td-wrap""><div class=""td-wrap-in"">86.4</div></div>",10,"<div class=""td-wrap""><div class=""td-wrap-in""><div class=""bg ""><span class=""rank "">10</span></div></div></div>",North America,,"<div class=""td-wrap""><div class=""td-wrap-in""><a href=""/universities/johns-hopkins-university"">Johns Hopkins University</a></div></div>"
"<div class=""td-wrap""><div class=""td-wrap-in"">87</div></div>",15,"<div class=""td-wrap""><div class=""td-wrap-in""><div class=""bg ""><span class=""rank "">=15</span></div></div></div>","<div class=""td-wrap""><div class=""td-wrap-in"">84.6</div></div>",25,"<div class=""td-wrap""><div class=""td-wrap-in""><div class=""bg ""><span class=""rank "">25</span></div></div></div>","<div class=""td-wrap""><div class=""td-wrap-in"">82.8</div></div>",17,"<div class=""td-wrap""><div class=""td-wrap-in""><div class=""bg ""><span class=""rank "">17</span></div></div></div>",United States,"<div class=""td-wrap""><div class=""td-wrap-in"">86.1</div></div>",11,"<div class=""td-wrap""><div class=""td-wrap-in""><div class=""bg ""><span class=""rank ""><span class=""sign"">=</span>11</span></div></div></div>",North America,,"<div class=""td-wrap""><div class=""td-wrap-in""><a href=""/universities/columbia-university"">Columbia University</a></div></div>"
"<div class=""td-wrap""><div class=""td-wrap-in"">97.2</div></div>",2,"<div class=""td-wrap""><div class=""td-wrap-in""><div class=""bg ""><span class=""rank "">2</span></div></div></div>","<div class=""td-wrap""><div class=""td-wrap-in"">90.5</div></div>",11,"<div class=""td-wrap""><div class=""td-wrap-in""><div class=""bg ""><span class=""rank "">11</span></div></div></div>","<div class=""td-wrap""><div class=""td-wrap-in""></div></div>",99,"<div class=""td-wrap""><div class=""td-wrap-in""><div class=""bg nobg""><span class=""rank "">=96</span></div></div></div>",Japan,"<div class=""td-wrap""><div class=""td-wrap-in"">86.1</div></div>",12,"<div class=""td-wrap""><div class=""td-wrap-in""><div class=""bg ""><span class=""rank ""><span class=""sign"">=</span>11</span></div></div></div>",Asia,,"<div class=""td-wrap""><div class=""td-wrap-in""><a href=""/universities/university-tokyo"">The University of Tokyo</a></div></div>"
"<div class=""td-wrap""><div class=""td-wrap-in"">87</div></div>",17,"<div class=""td-wrap""><div class=""td-wrap-in""><div class=""bg ""><span class=""rank "">=15</span></div></div></div>","<div class=""td-wrap""><div class=""td-wrap-in"">86.7</div></div>",19,"<div class=""td-wrap""><div class=""td-wrap-in""><div class=""bg ""><span class=""rank "">19</span></div></div></div>","<div class=""td-wrap""><div class=""td-wrap-in"">68.3</div></div>",68,"<div class=""td-wrap""><div class=""td-wrap-in""><div class=""bg ""><span class=""rank "">68</span></div></div></div>",United Kingdom,"<div class=""td-wrap""><div class=""td-wrap-in"">85.1</div></div>",13,"<div class=""td-wrap""><div class=""td-wrap-in""><div class=""bg ""><span class=""rank "">13</span></div></div></div>",Europe,,"<div class=""td-wrap""><div class=""td-wrap-in""><a href=""/universities/ucl"">UCL</a></div></div>"
"<div class=""td-wrap""><div class=""td-wrap-in"">86.5</div></div>",18,"<div class=""td-wrap""><div class=""td-wrap-in""><div class=""bg ""><span class=""rank "">18</span></div></div></div>","<div class=""td-wrap""><div class=""td-wrap-in"">90.7</div></div>",10,"<div class=""td-wrap""><div class=""td-wrap-in""><div class=""bg ""><span class=""rank "">10</span></div></div></div>","<div class=""td-wrap""><div class=""td-wrap-in"">56.9</div></div>",88,"<div class=""td-wrap""><div class=""td-wrap-in""><div class=""bg ""><span class=""rank "">88</span></div></div></div>",Singapore,"<div class=""td-wrap""><div class=""td-wrap-in"">84.4</div></div>",14,"<div class=""td-wrap""><div class=""td-wrap-in""><div class=""bg ""><span class=""rank "">14</span></div></div></div>",Asia,,"<div class=""td-wrap""><div class=""td-wrap-in""><a href=""/universities/national-university-singapore-nus"">National University of Singapore (NUS)</a></div></div>"
"<div class=""td-wrap""><div class=""td-wrap-in"">85.2</div></div>",19,"<div class=""td-wrap""><div class=""td-wrap-in""><div class=""bg ""><span class=""rank "">19</span></div></div></div>","<div class=""td-wrap""><div class=""td-wrap-in"">85.8</div></div>",21,"<div class=""td-wrap""><div class=""td-wrap-in""><div class=""bg ""><span class=""rank "">=20</span></div></div></div>","<div class=""td-wrap""><div class=""td-wrap-in"">71</div></div>",57,"<div class=""td-wrap""><div class=""td-wrap-in""><div class=""bg ""><span class=""rank "">57</span></div></div></div>",United States,"<div class=""td-wrap""><div class=""td-wrap-in"">83.9</div></div>",15,"<div class=""td-wrap""><div class=""td-wrap-in""><div class=""bg ""><span class=""rank "">15</span></div></div></div>",North America,,"<div class=""td-wrap""><div class=""td-wrap-in""><a href=""/universities/university-california-los-angeles-ucla"">University of California, Los Angeles (UCLA)</a></div></div>"
"<div class=""td-wrap""><div class=""td-wrap-in"">87.8</div></div>",11,"<div class=""td-wrap""><div class=""td-wrap-in""><div class=""bg ""><span class=""rank "">11</span></div></div></div>","<div class=""td-wrap""><div class=""td-wrap-in"">75</div></div>",52,"<div class=""td-wrap""><div class=""td-wrap-in""><div class=""bg ""><span class=""rank "">52</span></div></div></div>","<div class=""td-wrap""><div class=""td-wrap-in"">69.9</div></div>",62,"<div class=""td-wrap""><div class=""td-wrap-in""><div class=""bg ""><span class=""rank "">62</span></div></div></div>",United Kingdom,"<div class=""td-wrap""><div class=""td-wrap-in"">83.5</div></div>",16,"<div class=""td-wrap""><div class=""td-wrap-in""><div class=""bg ""><span class=""rank "">16</span></div></div></div>",Europe,6,"<div class=""td-wrap""><div class=""td-wrap-in""><a href=""/universities/university-bristol"">University of Bristol</a></div></div>"
"<div class=""td-wrap""><div class=""td-wrap-in"">83.1</div></div>",23,"<div class=""td-wrap""><div class=""td-wrap-in""><div class=""bg ""><span class=""rank "">=23</span></div></div></div>","<div class=""td-wrap""><div class=""td-wrap-in"">90.9</div></div>",9,"<div class=""td-wrap""><div class=""td-wrap-in""><div class=""bg ""><span class=""rank "">9</span></div></div></div>","<div class=""td-wrap""><div class=""td-wrap-in"">69</div></div>",64,"<div class=""td-wrap""><div class=""td-wrap-in""><div class=""bg ""><span class=""rank "">64</span></div></div></div>",Australia,"<div class=""td-wrap""><div class=""td-wrap-in"">83.3</div></div>",17,"<div class=""td-wrap""><div class=""td-wrap-in""><div class=""bg ""><span class=""rank "">17</span></div></div></div>",Oceania,,"<div class=""td-wrap""><div class=""td-wrap-in""><a href=""/universities/australian-national-university"">The Australian National University</a></div></div>"
"<div class=""td-wrap""><div class=""td-wrap-in"">83.2</div></div>",22,"<div class=""td-wrap""><div class=""td-wrap-in""><div class=""bg ""><span class=""rank "">22</span></div></div></div>","<div class=""td-wrap""><div class=""td-wrap-in"">89.5</div></div>",14,"<div class=""td-wrap""><div class=""td-wrap-in""><div class=""bg ""><span class=""rank "">14</span></div></div></div>","<div class=""td-wrap""><div class=""td-wrap-in"">69.6</div></div>",63,"<div class=""td-wrap""><div class=""td-wrap-in""><div class=""bg ""><span class=""rank "">63</span></div></div></div>",South Korea,"<div class=""td-wrap""><div class=""td-wrap-in"">83.1</div></div>",18,"<div class=""td-wrap""><div class=""td-wrap-in""><div class=""bg ""><span class=""rank ""><span class=""sign"">=</span>18</span></div></div></div>",Asia,,"<div class=""td-wrap""><div class=""td-wrap-in""><a href=""/universities/seoul-national-university"">Seoul National University</a></div></div>"
"<div class=""td-wrap""><div class=""td-wrap-in"">82.7</div></div>",26,"<div class=""td-wrap""><div class=""td-wrap-in""><div class=""bg ""><span class=""rank "">26</span></div></div></div>","<div class=""td-wrap""><div class=""td-wrap-in"">91.5</div></div>",8,"<div class=""td-wrap""><div class=""td-wrap-in""><div class=""bg ""><span class=""rank "">8</span></div></div></div>","<div class=""td-wrap""><div class=""td-wrap-in"">68.6</div></div>",66,"<div class=""td-wrap""><div class=""td-wrap-in""><div class=""bg ""><span class=""rank "">66</span></div></div></div>",Australia,"<div class=""td-wrap""><div class=""td-wrap-in"">83.1</div></div>",19,"<div class=""td-wrap""><div class=""td-wrap-in""><div class=""bg ""><span class=""rank ""><span class=""sign"">=</span>18</span></div></div></div>",Oceania,,"<div class=""td-wrap""><div class=""td-wrap-in""><a href=""/universities/university-melbourne"">The University of Melbourne</a></div></div>"
"<div class=""td-wrap""><div class=""td-wrap-in"">83.1</div></div>",24,"<div class=""td-wrap""><div class=""td-wrap-in""><div class=""bg ""><span class=""rank "">=23</span></div></div></div>","<div class=""td-wrap""><div class=""td-wrap-in"">85.3</div></div>",23,"<div class=""td-wrap""><div class=""td-wrap-in""><div class=""bg ""><span class=""rank "">=22</span></div></div></div>","<div class=""td-wrap""><div class=""td-wrap-in"">75.2</div></div>",44,"<div class=""td-wrap""><div class=""td-wrap-in""><div class=""bg ""><span class=""rank "">=43</span></div></div></div>",Hong Kong SAR,"<div class=""td-wrap""><div class=""td-wrap-in"">82.8</div></div>",20,"<div class=""td-wrap""><div class=""td-wrap-in""><div class=""bg ""><span class=""rank ""><span class=""sign"">=</span>20</span></div></div></div>",Asia,,"<div class=""td-wrap""><div class=""td-wrap-in""><a href=""/universities/university-hong-kong"">The University of Hong Kong</a></div></div>"
"<div class=""td-wrap""><div class=""td-wrap-in"">87.5</div></div>",13,"<div class=""td-wrap""><div class=""td-wrap-in""><div class=""bg ""><span class=""rank "">=12</span></div></div></div>","<div class=""td-wrap""><div class=""td-wrap-in"">69.7</div></div>",70,"<div class=""td-wrap""><div class=""td-wrap-in""><div class=""bg ""><span class=""rank "">70</span></div></div></div>","<div class=""td-wrap""><div class=""td-wrap-in"">76.2</div></div>",42,"<div class=""td-wrap""><div class=""td-wrap-in""><div class=""bg ""><span class=""rank "">42</span></div></div></div>",United Kingdom,"<div class=""td-wrap""><div class=""td-wrap-in"">82.8</div></div>",21,"<div class=""td-wrap""><div class=""td-wrap-in""><div class=""bg ""><span class=""rank ""><span class=""sign"">=</span>20</span></div></div></div>",Europe,,"<div class=""td-wrap""><div class=""td-wrap-in""><a href=""/universities/university-york"">University of York</a></div></div>"
"<div class=""td-wrap""><div class=""td-wrap-in"">82.3</div></div>",27,"<div class=""td-wrap""><div class=""td-wrap-in""><div class=""bg ""><span class=""rank "">27</span></div></div></div>","<div class=""td-wrap""><div class=""td-wrap-in"">76.3</div></div>",49,"<div class=""td-wrap""><div class=""td-wrap-in""><div class=""bg ""><span class=""rank "">=48</span></div></div></div>","<div class=""td-wrap""><div class=""td-wrap-in"">86.5</div></div>",10,"<div class=""td-wrap""><div class=""td-wrap-in""><div class=""bg ""><span class=""rank "">10</span></div></div></div>",United States,"<div class=""td-wrap""><div class=""td-wrap-in"">81.5</div></div>",22,"<div class=""td-wrap""><div class=""td-wrap-in""><div class=""bg ""><span class=""rank "">22</span></div></div></div>",North America,,"<div class=""td-wrap""><div class=""td-wrap-in""><a href=""/universities/university-michigan-ann-arbor"">University of Michigan-Ann Arbor</a></div></div>"
"<div class=""td-wrap""><div class=""td-wrap-in"">81.5</div></div>",30,"<div class=""td-wrap""><div class=""td-wrap-in""><div class=""bg ""><span class=""rank "">30</span></div></div></div>","<div class=""td-wrap""><div class=""td-wrap-in"">92</div></div>",7,"<div class=""td-wrap""><div class=""td-wrap-in""><div class=""bg ""><span class=""rank "">7</span></div></div></div>","<div class=""td-wrap""><div class=""td-wrap-in"">56.5</div></div>",89,"<div class=""td-wrap""><div class=""td-wrap-in""><div class=""bg ""><span class=""rank "">89</span></div></div></div>",China (Mainland),"<div class=""td-wrap""><div class=""td-wrap-in"">81.1</div></div>",23,"<div class=""td-wrap""><div class=""td-wrap-in""><div class=""bg ""><span class=""rank "">23</span></div></div></div>",Asia,,"<div class=""td-wrap""><div class=""td-wrap-in""><a href=""/universities/peking-university"">Peking University</a></div></div>"
"<div class=""td-wrap""><div class=""td-wrap-in"">82.2</div></div>",28,"<div class=""td-wrap""><div class=""td-wrap-in""><div class=""bg ""><span class=""rank "">28</span></div></div></div>","<div class=""td-wrap""><div class=""td-wrap-in"">82.8</div></div>",31,"<div class=""td-wrap""><div class=""td-wrap-in""><div class=""bg ""><span class=""rank "">31</span></div></div></div>","<div class=""td-wrap""><div class=""td-wrap-in"">63.8</div></div>",74,"<div class=""td-wrap""><div class=""td-wrap-in""><div class=""bg ""><span class=""rank "">74</span></div></div></div>",United States,"<div class=""td-wrap""><div class=""td-wrap-in"">80.5</div></div>",24,"<div class=""td-wrap""><div class=""td-wrap-in""><div class=""bg ""><span class=""rank ""><span class=""sign"">=</span>24</span></div></div></div>",North America,,"<div class=""td-wrap""><div class=""td-wrap-in""><a href=""/universities/new-york-university-nyu"">New York University (NYU)</a></div></div>"
"<div class=""td-wrap""><div class=""td-wrap-in"">87.5</div></div>",12,"<div class=""td-wrap""><div class=""td-wrap-in""><div class=""bg ""><span class=""rank "">=12</span></div></div></div>","<div class=""td-wrap""><div class=""td-wrap-in"">60.9</div></div>",90,"<div class=""td-wrap""><div class=""td-wrap-in""><div class=""bg ""><span class=""rank "">90</span></div></div></div>","<div class=""td-wrap""><div class=""td-wrap-in"">70.9</div></div>",58,"<div class=""td-wrap""><div class=""td-wrap-in""><div class=""bg ""><span class=""rank "">58</span></div></div></div>",Sweden,"<div class=""td-wrap""><div class=""td-wrap-in"">80.5</div></div>",25,"<div class=""td-wrap""><div class=""td-wrap-in""><div class=""bg ""><span class=""rank ""><span class=""sign"">=</span>24</span></div></div></div>",Europe,,"<div class=""td-wrap""><div class=""td-wrap-in""><a href=""/universities/stockholm-university"">Stockholm University</a></div></div>"
"<div class=""td-wrap""><div class=""td-wrap-in"">81.3</div></div>",31,"<div class=""td-wrap""><div class=""td-wrap-in""><div class=""bg ""><span class=""rank "">=31</span></div></div></div>","<div class=""td-wrap""><div class=""td-wrap-in"">78.1</div></div>",42,"<div class=""td-wrap""><div class=""td-wrap-in""><div class=""bg ""><span class=""rank "">42</span></div></div></div>","<div class=""td-wrap""><div class=""td-wrap-in"">79.2</div></div>",30,"<div class=""td-wrap""><div class=""td-wrap-in""><div class=""bg ""><span class=""rank "">30</span></div></div></div>",Canada,"<div class=""td-wrap""><div class=""td-wrap-in"">80.5</div></div>",26,"<div class=""td-wrap""><div class=""td-wrap-in""><div class=""bg ""><span class=""rank ""><span class=""sign"">=</span>24</span></div></div></div>",North America,,"<div class=""td-wrap""><div class=""td-wrap-in""><a href=""/universities/university-british-columbia"">University of British Columbia</a></div></div>"
"<div class=""td-wrap""><div class=""td-wrap-in"">80.1</div></div>",36,"<div class=""td-wrap""><div class=""td-wrap-in""><div class=""bg ""><span class=""rank "">=35</span></div></div></div>","<div class=""td-wrap""><div class=""td-wrap-in"">89.4</div></div>",15,"<div class=""td-wrap""><div class=""td-wrap-in""><div class=""bg ""><span class=""rank "">15</span></div></div></div>","<div class=""td-wrap""><div class=""td-wrap-in"">64.5</div></div>",73,"<div class=""td-wrap""><div class=""td-wrap-in""><div class=""bg ""><span class=""rank "">73</span></div></div></div>",Australia,"<div class=""td-wrap""><div class=""td-wrap-in"">80.4</div></div>",27,"<div class=""td-wrap""><div class=""td-wrap-in""><div class=""bg ""><span class=""rank "">27</span></div></div></div>",Oceania,,"<div class=""td-wrap""><div class=""td-wrap-in""><a href=""/universities/university-sydney"">The University of Sydney</a></div></div>"
"<div class=""td-wrap""><div class=""td-wrap-in"">81.3</div></div>",32,"<div class=""td-wrap""><div class=""td-wrap-in""><div class=""bg ""><span class=""rank "">=31</span></div></div></div>","<div class=""td-wrap""><div class=""td-wrap-in"">77.1</div></div>",44,"<div class=""td-wrap""><div class=""td-wrap-in""><div class=""bg ""><span class=""rank "">44</span></div></div></div>","<div class=""td-wrap""><div class=""td-wrap-in"">76.9</div></div>",37,"<div class=""td-wrap""><div class=""td-wrap-in""><div class=""bg ""><span class=""rank "">37</span></div></div></div>",United Kingdom,"<div class=""td-wrap""><div class=""td-wrap-in"">80</div></div>",28,"<div class=""td-wrap""><div class=""td-wrap-in""><div class=""bg ""><span class=""rank "">28</span></div></div></div>",Europe,,"<div class=""td-wrap""><div class=""td-wrap-in""><a href=""/universities/university-edinburgh"">The University of Edinburgh</a></div></div>"
"<div class=""td-wrap""><div class=""td-wrap-in"">80</div></div>",37,"<div class=""td-wrap""><div class=""td-wrap-in""><div class=""bg ""><span class=""rank "">37</span></div></div></div>","<div class=""td-wrap""><div class=""td-wrap-in"">76.3</div></div>",48,"<div class=""td-wrap""><div class=""td-wrap-in""><div class=""bg ""><span class=""rank "">=48</span></div></div></div>","<div class=""td-wrap""><div class=""td-wrap-in"">86.4</div></div>",11,"<div class=""td-wrap""><div class=""td-wrap-in""><div class=""bg ""><span class=""rank "">11</span></div></div></div>",Netherlands,"<div class=""td-wrap""><div class=""td-wrap-in"">79.9</div></div>",29,"<div class=""td-wrap""><div class=""td-wrap-in""><div class=""bg ""><span class=""rank "">29</span></div></div></div>",Europe,,"<div class=""td-wrap""><div class=""td-wrap-in""><a href=""/universities/university-amsterdam"">University of Amsterdam</a></div></div>"
"<div class=""td-wrap""><div class=""td-wrap-in"">83.5</div></div>",21,"<div class=""td-wrap""><div class=""td-wrap-in""><div class=""bg ""><span class=""rank "">21</span></div></div></div>","<div class=""td-wrap""><div class=""td-wrap-in"">85.8</div></div>",20,"<div class=""td-wrap""><div class=""td-wrap-in""><div class=""bg ""><span class=""rank "">=20</span></div></div></div>","<div class=""td-wrap""><div class=""td-wrap-in"">36.8</div></div>",95,"<div class=""td-wrap""><div class=""td-wrap-in""><div class=""bg ""><span class=""rank "">95</span></div></div></div>",Chile,"<div class=""td-wrap""><div class=""td-wrap-in"">79.3</div></div>",30,"<div class=""td-wrap""><div class=""td-wrap-in""><div class=""bg ""><span class=""rank "">30</span></div></div></div>",Latin America,,"<div class=""td-wrap""><div class=""td-wrap-in""><a href=""/universities/pontificia-universidad-cat%C3%B3lica-de-chile-uc"">Pontificia Universidad Cat√≥lica de Chile (UC)</a></div></div>"
"<div class=""td-wrap""><div class=""td-wrap-in"">79.3</div></div>",40,"<div class=""td-wrap""><div class=""td-wrap-in""><div class=""bg ""><span class=""rank "">40</span></div></div></div>","<div class=""td-wrap""><div class=""td-wrap-in"">72.8</div></div>",61,"<div class=""td-wrap""><div class=""td-wrap-in""><div class=""bg ""><span class=""rank "">61</span></div></div></div>","<div class=""td-wrap""><div class=""td-wrap-in"">89.6</div></div>",4,"<div class=""td-wrap""><div class=""td-wrap-in""><div class=""bg ""><span class=""rank "">4</span></div></div></div>",Germany,"<div class=""td-wrap""><div class=""td-wrap-in"">79</div></div>",31,"<div class=""td-wrap""><div class=""td-wrap-in""><div class=""bg ""><span class=""rank "">31</span></div></div></div>",Europe,,"<div class=""td-wrap""><div class=""td-wrap-in""><a href=""/universities/freie-universitaet-berlin"">Freie Universitaet Berlin</a></div></div>"
"<div class=""td-wrap""><div class=""td-wrap-in"">78.9</div></div>",41,"<div class=""td-wrap""><div class=""td-wrap-in""><div class=""bg ""><span class=""rank "">41</span></div></div></div>","<div class=""td-wrap""><div class=""td-wrap-in"">82.5</div></div>",34,"<div class=""td-wrap""><div class=""td-wrap-in""><div class=""bg ""><span class=""rank "">=33</span></div></div></div>","<div class=""td-wrap""><div class=""td-wrap-in"">71.5</div></div>",56,"<div class=""td-wrap""><div class=""td-wrap-in""><div class=""bg ""><span class=""rank "">56</span></div></div></div>",Hong Kong SAR,"<div class=""td-wrap""><div class=""td-wrap-in"">78.9</div></div>",32,"<div class=""td-wrap""><div class=""td-wrap-in""><div class=""bg ""><span class=""rank "">32</span></div></div></div>",Asia,,"<div class=""td-wrap""><div class=""td-wrap-in""><a href=""/universities/chinese-university-hong-kong-cuhk"">The Chinese University of Hong Kong (CUHK)</a></div></div>"
"<div class=""td-wrap""><div class=""td-wrap-in"">77.2</div></div>",48,"<div class=""td-wrap""><div class=""td-wrap-in""><div class=""bg ""><span class=""rank "">48</span></div></div></div>","<div class=""td-wrap""><div class=""td-wrap-in"">89.8</div></div>",13,"<div class=""td-wrap""><div class=""td-wrap-in""><div class=""bg ""><span class=""rank "">13</span></div></div></div>","<div class=""td-wrap""><div class=""td-wrap-in"">67.3</div></div>",70,"<div class=""td-wrap""><div class=""td-wrap-in""><div class=""bg ""><span class=""rank "">70</span></div></div></div>",China (Mainland),"<div class=""td-wrap""><div class=""td-wrap-in"">78.7</div></div>",33,"<div class=""td-wrap""><div class=""td-wrap-in""><div class=""bg ""><span class=""rank "">33</span></div></div></div>",Asia,,"<div class=""td-wrap""><div class=""td-wrap-in""><a href=""/universities/tsinghua-university"">Tsinghua University</a></div></div>"
"<div class=""td-wrap""><div class=""td-wrap-in"">87.1</div></div>",14,"<div class=""td-wrap""><div class=""td-wrap-in""><div class=""bg ""><span class=""rank "">14</span></div></div></div>","<div class=""td-wrap""><div class=""td-wrap-in"">36.8</div></div>",100,"<div class=""td-wrap""><div class=""td-wrap-in""><div class=""bg ""><span class=""rank "">100</span></div></div></div>","<div class=""td-wrap""><div class=""td-wrap-in"">98.4</div></div>",1,"<div class=""td-wrap""><div class=""td-wrap-in""><div class=""bg ""><span class=""rank "">1</span></div></div></div>",United States,"<div class=""td-wrap""><div class=""td-wrap-in"">78.2</div></div>",34,"<div class=""td-wrap""><div class=""td-wrap-in""><div class=""bg ""><span class=""rank "">34</span></div></div></div>",North America,,"<div class=""td-wrap""><div class=""td-wrap-in""><a href=""/universities/syracuse-university"">Syracuse University</a></div></div>"
"<div class=""td-wrap""><div class=""td-wrap-in"">77.9</div></div>",44,"<div class=""td-wrap""><div class=""td-wrap-in""><div class=""bg ""><span class=""rank "">44</span></div></div></div>","<div class=""td-wrap""><div class=""td-wrap-in"">76.9</div></div>",45,"<div class=""td-wrap""><div class=""td-wrap-in""><div class=""bg ""><span class=""rank "">45</span></div></div></div>","<div class=""td-wrap""><div class=""td-wrap-in"">70.5</div></div>",59,"<div class=""td-wrap""><div class=""td-wrap-in""><div class=""bg ""><span class=""rank "">59</span></div></div></div>",Hong Kong SAR,"<div class=""td-wrap""><div class=""td-wrap-in"">77</div></div>",35,"<div class=""td-wrap""><div class=""td-wrap-in""><div class=""bg ""><span class=""rank "">35</span></div></div></div>",Asia,,"<div class=""td-wrap""><div class=""td-wrap-in""><a href=""/universities/city-university-hong-kong"">City University of Hong Kong</a></div></div>"
"<div class=""td-wrap""><div class=""td-wrap-in"">81.7</div></div>",29,"<div class=""td-wrap""><div class=""td-wrap-in""><div class=""bg ""><span class=""rank "">29</span></div></div></div>","<div class=""td-wrap""><div class=""td-wrap-in"">62.2</div></div>",89,"<div class=""td-wrap""><div class=""td-wrap-in""><div class=""bg ""><span class=""rank "">89</span></div></div></div>","<div class=""td-wrap""><div class=""td-wrap-in"">71.9</div></div>",53,"<div class=""td-wrap""><div class=""td-wrap-in""><div class=""bg ""><span class=""rank "">=53</span></div></div></div>",United States,"<div class=""td-wrap""><div class=""td-wrap-in"">76.8</div></div>",36,"<div class=""td-wrap""><div class=""td-wrap-in""><div class=""bg ""><span class=""rank "">36</span></div></div></div>",North America,,"<div class=""td-wrap""><div class=""td-wrap-in""><a href=""/universities/american-university"">American University</a></div></div>"
"<div class=""td-wrap""><div class=""td-wrap-in"">80.6</div></div>",33,"<div class=""td-wrap""><div class=""td-wrap-in""><div class=""bg ""><span class=""rank "">33</span></div></div></div>","<div class=""td-wrap""><div class=""td-wrap-in"">62.9</div></div>",87,"<div class=""td-wrap""><div class=""td-wrap-in""><div class=""bg ""><span class=""rank "">87</span></div></div></div>","<div class=""td-wrap""><div class=""td-wrap-in"">76.7</div></div>",38,"<div class=""td-wrap""><div class=""td-wrap-in""><div class=""bg ""><span class=""rank "">38</span></div></div></div>",United States,"<div class=""td-wrap""><div class=""td-wrap-in"">76.7</div></div>",37,"<div class=""td-wrap""><div class=""td-wrap-in""><div class=""bg ""><span class=""rank "">37</span></div></div></div>",North America,,"<div class=""td-wrap""><div class=""td-wrap-in""><a href=""/universities/university-washington"">University of Washington</a></div></div>"
"<div class=""td-wrap""><div class=""td-wrap-in"">80.3</div></div>",34,"<div class=""td-wrap""><div class=""td-wrap-in""><div class=""bg ""><span class=""rank "">34</span></div></div></div>","<div class=""td-wrap""><div class=""td-wrap-in"">75.7</div></div>",50,"<div class=""td-wrap""><div class=""td-wrap-in""><div class=""bg ""><span class=""rank "">50</span></div></div></div>","<div class=""td-wrap""><div class=""td-wrap-in"">50</div></div>",93,"<div class=""td-wrap""><div class=""td-wrap-in""><div class=""bg ""><span class=""rank "">93</span></div></div></div>",Taiwan,"<div class=""td-wrap""><div class=""td-wrap-in"">76.4</div></div>",38,"<div class=""td-wrap""><div class=""td-wrap-in""><div class=""bg ""><span class=""rank ""><span class=""sign"">=</span>38</span></div></div></div>",Asia,,"<div class=""td-wrap""><div class=""td-wrap-in""><a href=""/universities/national-taiwan-university-ntu"">National Taiwan University (NTU)</a></div></div>"
"<div class=""td-wrap""><div class=""td-wrap-in"">85.1</div></div>",20,"<div class=""td-wrap""><div class=""td-wrap-in""><div class=""bg ""><span class=""rank "">20</span></div></div></div>","<div class=""td-wrap""><div class=""td-wrap-in"">84.2</div></div>",27,"<div class=""td-wrap""><div class=""td-wrap-in""><div class=""bg ""><span class=""rank "">27</span></div></div></div>","<div class=""td-wrap""><div class=""td-wrap-in""></div></div>",98,"<div class=""td-wrap""><div class=""td-wrap-in""><div class=""bg nobg""><span class=""rank "">=96</span></div></div></div>",United States,"<div class=""td-wrap""><div class=""td-wrap-in"">76.4</div></div>",39,"<div class=""td-wrap""><div class=""td-wrap-in""><div class=""bg ""><span class=""rank ""><span class=""sign"">=</span>38</span></div></div></div>",North America,,"<div class=""td-wrap""><div class=""td-wrap-in""><a href=""/universities/princeton-university"">Princeton University</a></div></div>"
"<div class=""td-wrap""><div class=""td-wrap-in"">76.1</div></div>",53,"<div class=""td-wrap""><div class=""td-wrap-in""><div class=""bg ""><span class=""rank "">=52</span></div></div></div>","<div class=""td-wrap""><div class=""td-wrap-in"">84.8</div></div>",24,"<div class=""td-wrap""><div class=""td-wrap-in""><div class=""bg ""><span class=""rank "">24</span></div></div></div>","<div class=""td-wrap""><div class=""td-wrap-in"">61.4</div></div>",81,"<div class=""td-wrap""><div class=""td-wrap-in""><div class=""bg ""><span class=""rank "">=80</span></div></div></div>",South Korea,"<div class=""td-wrap""><div class=""td-wrap-in"">76.4</div></div>",40,"<div class=""td-wrap""><div class=""td-wrap-in""><div class=""bg ""><span class=""rank ""><span class=""sign"">=</span>38</span></div></div></div>",Asia,,"<div class=""td-wrap""><div class=""td-wrap-in""><a href=""/universities/yonsei-university"">Yonsei University</a></div></div>"
"<div class=""td-wrap""><div class=""td-wrap-in"">78.3</div></div>",43,"<div class=""td-wrap""><div class=""td-wrap-in""><div class=""bg ""><span class=""rank "">43</span></div></div></div>","<div class=""td-wrap""><div class=""td-wrap-in"">64.1</div></div>",82,"<div class=""td-wrap""><div class=""td-wrap-in""><div class=""bg ""><span class=""rank "">=82</span></div></div></div>","<div class=""td-wrap""><div class=""td-wrap-in"">86.7</div></div>",8,"<div class=""td-wrap""><div class=""td-wrap-in""><div class=""bg ""><span class=""rank "">=8</span></div></div></div>",United States,"<div class=""td-wrap""><div class=""td-wrap-in"">76.3</div></div>",41,"<div class=""td-wrap""><div class=""td-wrap-in""><div class=""bg ""><span class=""rank ""><span class=""sign"">=</span>41</span></div></div></div>",North America,,"<div class=""td-wrap""><div class=""td-wrap-in""><a href=""/universities/georgetown-university"">Georgetown University</a></div></div>"
"<div class=""td-wrap""><div class=""td-wrap-in"">75.1</div></div>",57,"<div class=""td-wrap""><div class=""td-wrap-in""><div class=""bg ""><span class=""rank "">57</span></div></div></div>","<div class=""td-wrap""><div class=""td-wrap-in"">81.9</div></div>",35,"<div class=""td-wrap""><div class=""td-wrap-in""><div class=""bg ""><span class=""rank "">35</span></div></div></div>","<div class=""td-wrap""><div class=""td-wrap-in"">73.5</div></div>",50,"<div class=""td-wrap""><div class=""td-wrap-in""><div class=""bg ""><span class=""rank "">50</span></div></div></div>",United States,"<div class=""td-wrap""><div class=""td-wrap-in"">76.3</div></div>",42,"<div class=""td-wrap""><div class=""td-wrap-in""><div class=""bg ""><span class=""rank ""><span class=""sign"">=</span>41</span></div></div></div>",North America,,"<div class=""td-wrap""><div class=""td-wrap-in""><a href=""/universities/university-pennsylvania"">University of Pennsylvania</a></div></div>"
"<div class=""td-wrap""><div class=""td-wrap-in"">76.1</div></div>",52,"<div class=""td-wrap""><div class=""td-wrap-in""><div class=""bg ""><span class=""rank "">=52</span></div></div></div>","<div class=""td-wrap""><div class=""td-wrap-in"">87.6</div></div>",18,"<div class=""td-wrap""><div class=""td-wrap-in""><div class=""bg ""><span class=""rank "">18</span></div></div></div>","<div class=""td-wrap""><div class=""td-wrap-in"">50.1</div></div>",92,"<div class=""td-wrap""><div class=""td-wrap-in""><div class=""bg ""><span class=""rank "">92</span></div></div></div>",South Korea,"<div class=""td-wrap""><div class=""td-wrap-in"">75.8</div></div>",43,"<div class=""td-wrap""><div class=""td-wrap-in""><div class=""bg ""><span class=""rank "">43</span></div></div></div>",Asia,,"<div class=""td-wrap""><div class=""td-wrap-in""><a href=""/universities/korea-university"">Korea University</a></div></div>"
"<div class=""td-wrap""><div class=""td-wrap-in"">75.4</div></div>",56,"<div class=""td-wrap""><div class=""td-wrap-in""><div class=""bg ""><span class=""rank "">56</span></div></div></div>","<div class=""td-wrap""><div class=""td-wrap-in"">72.1</div></div>",63,"<div class=""td-wrap""><div class=""td-wrap-in""><div class=""bg ""><span class=""rank "">=63</span></div></div></div>","<div class=""td-wrap""><div class=""td-wrap-in"">81.1</div></div>",21,"<div class=""td-wrap""><div class=""td-wrap-in""><div class=""bg ""><span class=""rank "">=21</span></div></div></div>",United States,"<div class=""td-wrap""><div class=""td-wrap-in"">75.3</div></div>",44,"<div class=""td-wrap""><div class=""td-wrap-in""><div class=""bg ""><span class=""rank "">44</span></div></div></div>",North America,,"<div class=""td-wrap""><div class=""td-wrap-in""><a href=""/universities/duke-university"">Duke University</a></div></div>"
"<div class=""td-wrap""><div class=""td-wrap-in"">77.3</div></div>",47,"<div class=""td-wrap""><div class=""td-wrap-in""><div class=""bg ""><span class=""rank "">47</span></div></div></div>","<div class=""td-wrap""><div class=""td-wrap-in"">74</div></div>",57,"<div class=""td-wrap""><div class=""td-wrap-in""><div class=""bg ""><span class=""rank "">57</span></div></div></div>","<div class=""td-wrap""><div class=""td-wrap-in"">60.6</div></div>",84,"<div class=""td-wrap""><div class=""td-wrap-in""><div class=""bg ""><span class=""rank "">=83</span></div></div></div>",Belgium,"<div class=""td-wrap""><div class=""td-wrap-in"">75</div></div>",45,"<div class=""td-wrap""><div class=""td-wrap-in""><div class=""bg ""><span class=""rank "">45</span></div></div></div>",Europe,,"<div class=""td-wrap""><div class=""td-wrap-in""><a href=""/universities/ku-leuven"">KU Leuven</a></div></div>"
"<div class=""td-wrap""><div class=""td-wrap-in"">73.7</div></div>",67,"<div class=""td-wrap""><div class=""td-wrap-in""><div class=""bg ""><span class=""rank "">=67</span></div></div></div>","<div class=""td-wrap""><div class=""td-wrap-in"">77.9</div></div>",43,"<div class=""td-wrap""><div class=""td-wrap-in""><div class=""bg ""><span class=""rank "">43</span></div></div></div>","<div class=""td-wrap""><div class=""td-wrap-in"">77.4</div></div>",33,"<div class=""td-wrap""><div class=""td-wrap-in""><div class=""bg ""><span class=""rank "">33</span></div></div></div>",United States,"<div class=""td-wrap""><div class=""td-wrap-in"">74.9</div></div>",46,"<div class=""td-wrap""><div class=""td-wrap-in""><div class=""bg ""><span class=""rank ""><span class=""sign"">=</span>46</span></div></div></div>",North America,,"<div class=""td-wrap""><div class=""td-wrap-in""><a href=""/universities/cornell-university"">Cornell University</a></div></div>"
"<div class=""td-wrap""><div class=""td-wrap-in"">74.9</div></div>",59,"<div class=""td-wrap""><div class=""td-wrap-in""><div class=""bg ""><span class=""rank "">59</span></div></div></div>","<div class=""td-wrap""><div class=""td-wrap-in"">74.1</div></div>",56,"<div class=""td-wrap""><div class=""td-wrap-in""><div class=""bg ""><span class=""rank "">56</span></div></div></div>","<div class=""td-wrap""><div class=""td-wrap-in"">76.5</div></div>",39,"<div class=""td-wrap""><div class=""td-wrap-in""><div class=""bg ""><span class=""rank "">=39</span></div></div></div>",United Kingdom,"<div class=""td-wrap""><div class=""td-wrap-in"">74.9</div></div>",47,"<div class=""td-wrap""><div class=""td-wrap-in""><div class=""bg ""><span class=""rank ""><span class=""sign"">=</span>46</span></div></div></div>",Europe,,"<div class=""td-wrap""><div class=""td-wrap-in""><a href=""/universities/kings-college-london"">King&#039;s College London</a></div></div>"
"<div class=""td-wrap""><div class=""td-wrap-in"">76.4</div></div>",50,"<div class=""td-wrap""><div class=""td-wrap-in""><div class=""bg ""><span class=""rank "">50</span></div></div></div>","<div class=""td-wrap""><div class=""td-wrap-in"">70.9</div></div>",67,"<div class=""td-wrap""><div class=""td-wrap-in""><div class=""bg ""><span class=""rank "">67</span></div></div></div>","<div class=""td-wrap""><div class=""td-wrap-in"">70</div></div>",60,"<div class=""td-wrap""><div class=""td-wrap-in""><div class=""bg ""><span class=""rank "">=60</span></div></div></div>",Netherlands,"<div class=""td-wrap""><div class=""td-wrap-in"">74.7</div></div>",48,"<div class=""td-wrap""><div class=""td-wrap-in""><div class=""bg ""><span class=""rank ""><span class=""sign"">=</span>48</span></div></div></div>",Europe,,"<div class=""td-wrap""><div class=""td-wrap-in""><a href=""/universities/leiden-university"">Leiden University</a></div></div>"
"<div class=""td-wrap""><div class=""td-wrap-in"">71.9</div></div>",75,"<div class=""td-wrap""><div class=""td-wrap-in""><div class=""bg ""><span class=""rank "">75</span></div></div></div>","<div class=""td-wrap""><div class=""td-wrap-in"">90.3</div></div>",12,"<div class=""td-wrap""><div class=""td-wrap-in""><div class=""bg ""><span class=""rank "">12</span></div></div></div>","<div class=""td-wrap""><div class=""td-wrap-in"">63.5</div></div>",76,"<div class=""td-wrap""><div class=""td-wrap-in""><div class=""bg ""><span class=""rank "">=76</span></div></div></div>",Australia,"<div class=""td-wrap""><div class=""td-wrap-in"">74.7</div></div>",49,"<div class=""td-wrap""><div class=""td-wrap-in""><div class=""bg ""><span class=""rank ""><span class=""sign"">=</span>48</span></div></div></div>",Oceania,,"<div class=""td-wrap""><div class=""td-wrap-in""><a href=""/universities/monash-university"">Monash University</a></div></div>"
"<div class=""td-wrap""><div class=""td-wrap-in"">77.5</div></div>",46,"<div class=""td-wrap""><div class=""td-wrap-in""><div class=""bg ""><span class=""rank "">46</span></div></div></div>","<div class=""td-wrap""><div class=""td-wrap-in"">69</div></div>",73,"<div class=""td-wrap""><div class=""td-wrap-in""><div class=""bg ""><span class=""rank "">73</span></div></div></div>","<div class=""td-wrap""><div class=""td-wrap-in"">66.1</div></div>",72,"<div class=""td-wrap""><div class=""td-wrap-in""><div class=""bg ""><span class=""rank "">72</span></div></div></div>",France,"<div class=""td-wrap""><div class=""td-wrap-in"">74.7</div></div>",50,"<div class=""td-wrap""><div class=""td-wrap-in""><div class=""bg ""><span class=""rank ""><span class=""sign"">=</span>48</span></div></div></div>",Europe,,"<div class=""td-wrap""><div class=""td-wrap-in""><a href=""/universities/sciences-po"">Sciences Po</a></div></div>"
"<div class=""td-wrap""><div class=""td-wrap-in"">74.1</div></div>",63,"<div class=""td-wrap""><div class=""td-wrap-in""><div class=""bg ""><span class=""rank "">=63</span></div></div></div>","<div class=""td-wrap""><div class=""td-wrap-in"">89.1</div></div>",17,"<div class=""td-wrap""><div class=""td-wrap-in""><div class=""bg ""><span class=""rank "">17</span></div></div></div>","<div class=""td-wrap""><div class=""td-wrap-in"">50.5</div></div>",91,"<div class=""td-wrap""><div class=""td-wrap-in""><div class=""bg ""><span class=""rank "">91</span></div></div></div>",Australia,"<div class=""td-wrap""><div class=""td-wrap-in"">74.7</div></div>",51,"<div class=""td-wrap""><div class=""td-wrap-in""><div class=""bg ""><span class=""rank ""><span class=""sign"">=</span>48</span></div></div></div>",Oceania,6,"<div class=""td-wrap""><div class=""td-wrap-in""><a href=""/universities/university-new-south-wales-unsw-sydney"">The University of New South Wales (UNSW Sydney)</a></div></div>"
"<div class=""td-wrap""><div class=""td-wrap-in"">66</div></div>",96,"<div class=""td-wrap""><div class=""td-wrap-in""><div class=""bg ""><span class=""rank "">=96</span></div></div></div>","<div class=""td-wrap""><div class=""td-wrap-in"">74.4</div></div>",55,"<div class=""td-wrap""><div class=""td-wrap-in""><div class=""bg ""><span class=""rank "">55</span></div></div></div>","<div class=""td-wrap""><div class=""td-wrap-in"">76.4</div></div>",41,"<div class=""td-wrap""><div class=""td-wrap-in""><div class=""bg ""><span class=""rank "">41</span></div></div></div>",Denmark,"<div class=""td-wrap""><div class=""td-wrap-in""></div></div>",52,"<div class=""td-wrap""><div class=""td-wrap-in""><div class=""bg nobg""><span class=""rank large"">51-100</span></div></div></div>",Europe,,"<div class=""td-wrap""><div class=""td-wrap-in""><a href=""/universities/aarhus-university"">Aarhus University</a></div></div>"
"<div class=""td-wrap""><div class=""td-wrap-in"">69.2</div></div>",87,"<div class=""td-wrap""><div class=""td-wrap-in""><div class=""bg ""><span class=""rank "">=87</span></div></div></div>","<div class=""td-wrap""><div class=""td-wrap-in"">53.3</div></div>",96,"<div class=""td-wrap""><div class=""td-wrap-in""><div class=""bg ""><span class=""rank "">96</span></div></div></div>","<div class=""td-wrap""><div class=""td-wrap-in"">85</div></div>",15,"<div class=""td-wrap""><div class=""td-wrap-in""><div class=""bg ""><span class=""rank "">15</span></div></div></div>",United States,"<div class=""td-wrap""><div class=""td-wrap-in""></div></div>",53,"<div class=""td-wrap""><div class=""td-wrap-in""><div class=""bg nobg""><span class=""rank large"">51-100</span></div></div></div>",North America,,"<div class=""td-wrap""><div class=""td-wrap-in""><a href=""/universities/arizona-state-university"">Arizona State University</a></div></div>"
"<div class=""td-wrap""><div class=""td-wrap-in"">74.3</div></div>",61,"<div class=""td-wrap""><div class=""td-wrap-in""><div class=""bg ""><span class=""rank "">61</span></div></div></div>","<div class=""td-wrap""><div class=""td-wrap-in"">67.4</div></div>",76,"<div class=""td-wrap""><div class=""td-wrap-in""><div class=""bg ""><span class=""rank "">76</span></div></div></div>","<div class=""td-wrap""><div class=""td-wrap-in"">72.4</div></div>",52,"<div class=""td-wrap""><div class=""td-wrap-in""><div class=""bg ""><span class=""rank "">52</span></div></div></div>",United States,"<div class=""td-wrap""><div class=""td-wrap-in""></div></div>",54,"<div class=""td-wrap""><div class=""td-wrap-in""><div class=""bg nobg""><span class=""rank large"">51-100</span></div></div></div>",North America,,"<div class=""td-wrap""><div class=""td-wrap-in""><a href=""/universities/carnegie-mellon-university"">Carnegie Mellon University</a></div></div>"
"<div class=""td-wrap""><div class=""td-wrap-in"">70.2</div></div>",80,"<div class=""td-wrap""><div class=""td-wrap-in""><div class=""bg ""><span class=""rank "">80</span></div></div></div>","<div class=""td-wrap""><div class=""td-wrap-in"">66.9</div></div>",77,"<div class=""td-wrap""><div class=""td-wrap-in""><div class=""bg ""><span class=""rank "">77</span></div></div></div>","<div class=""td-wrap""><div class=""td-wrap-in"">88.5</div></div>",6,"<div class=""td-wrap""><div class=""td-wrap-in""><div class=""bg ""><span class=""rank "">6</span></div></div></div>",Hungary,"<div class=""td-wrap""><div class=""td-wrap-in""></div></div>",55,"<div class=""td-wrap""><div class=""td-wrap-in""><div class=""bg nobg""><span class=""rank large"">51-100</span></div></div></div>",Europe,,"<div class=""td-wrap""><div class=""td-wrap-in""><a href=""/universities/central-european-university"">Central European University</a></div></div>"
"<div class=""td-wrap""><div class=""td-wrap-in"">63.1</div></div>",100,"<div class=""td-wrap""><div class=""td-wrap-in""><div class=""bg ""><span class=""rank "">100</span></div></div></div>","<div class=""td-wrap""><div class=""td-wrap-in"">78.3</div></div>",41,"<div class=""td-wrap""><div class=""td-wrap-in""><div class=""bg ""><span class=""rank "">41</span></div></div></div>","<div class=""td-wrap""><div class=""td-wrap-in"">86.1</div></div>",12,"<div class=""td-wrap""><div class=""td-wrap-in""><div class=""bg ""><span class=""rank "">12</span></div></div></div>",United Kingdom,"<div class=""td-wrap""><div class=""td-wrap-in""></div></div>",56,"<div class=""td-wrap""><div class=""td-wrap-in""><div class=""bg nobg""><span class=""rank large"">51-100</span></div></div></div>",Europe,,"<div class=""td-wrap""><div class=""td-wrap-in""><a href=""/universities/durham-university"">Durham University</a></div></div>"
"<div class=""td-wrap""><div class=""td-wrap-in"">70.6</div></div>",79,"<div class=""td-wrap""><div class=""td-wrap-in""><div class=""bg ""><span class=""rank "">79</span></div></div></div>","<div class=""td-wrap""><div class=""td-wrap-in"">70.5</div></div>",69,"<div class=""td-wrap""><div class=""td-wrap-in""><div class=""bg ""><span class=""rank "">69</span></div></div></div>","<div class=""td-wrap""><div class=""td-wrap-in"">74.1</div></div>",48,"<div class=""td-wrap""><div class=""td-wrap-in""><div class=""bg ""><span class=""rank "">48</span></div></div></div>",Netherlands,"<div class=""td-wrap""><div class=""td-wrap-in""></div></div>",57,"<div class=""td-wrap""><div class=""td-wrap-in""><div class=""bg nobg""><span class=""rank large"">51-100</span></div></div></div>",Europe,,"<div class=""td-wrap""><div class=""td-wrap-in""><a href=""/universities/erasmus-university-rotterdam"">Erasmus University Rotterdam</a></div></div>"
"<div class=""td-wrap""><div class=""td-wrap-in"">66.8</div></div>",94,"<div class=""td-wrap""><div class=""td-wrap-in""><div class=""bg ""><span class=""rank "">94</span></div></div></div>","<div class=""td-wrap""><div class=""td-wrap-in"">79.1</div></div>",39,"<div class=""td-wrap""><div class=""td-wrap-in""><div class=""bg ""><span class=""rank "">39</span></div></div></div>","<div class=""td-wrap""><div class=""td-wrap-in"">85.7</div></div>",13,"<div class=""td-wrap""><div class=""td-wrap-in""><div class=""bg ""><span class=""rank "">13</span></div></div></div>",Switzerland,"<div class=""td-wrap""><div class=""td-wrap-in""></div></div>",58,"<div class=""td-wrap""><div class=""td-wrap-in""><div class=""bg nobg""><span class=""rank large"">51-100</span></div></div></div>",Europe,,"<div class=""td-wrap""><div class=""td-wrap-in""><a href=""/universities/eth-zurich-swiss-federal-institute-technology"">ETH Zurich - Swiss Federal Institute of Technology</a></div></div>"
"<div class=""td-wrap""><div class=""td-wrap-in"">75.9</div></div>",54,"<div class=""td-wrap""><div class=""td-wrap-in""><div class=""bg ""><span class=""rank "">54</span></div></div></div>","<div class=""td-wrap""><div class=""td-wrap-in"">42.2</div></div>",97,"<div class=""td-wrap""><div class=""td-wrap-in""><div class=""bg ""><span class=""rank "">97</span></div></div></div>","<div class=""td-wrap""><div class=""td-wrap-in"">81.3</div></div>",20,"<div class=""td-wrap""><div class=""td-wrap-in""><div class=""bg ""><span class=""rank "">20</span></div></div></div>",United States,"<div class=""td-wrap""><div class=""td-wrap-in""></div></div>",59,"<div class=""td-wrap""><div class=""td-wrap-in""><div class=""bg nobg""><span class=""rank large"">51-100</span></div></div></div>",North America,,"<div class=""td-wrap""><div class=""td-wrap-in""><a href=""/universities/florida-state-university"">Florida State University</a></div></div>"
"<div class=""td-wrap""><div class=""td-wrap-in"">71.4</div></div>",77,"<div class=""td-wrap""><div class=""td-wrap-in""><div class=""bg ""><span class=""rank "">77</span></div></div></div>","<div class=""td-wrap""><div class=""td-wrap-in"">82.9</div></div>",30,"<div class=""td-wrap""><div class=""td-wrap-in""><div class=""bg ""><span class=""rank "">30</span></div></div></div>","<div class=""td-wrap""><div class=""td-wrap-in"">53.9</div></div>",90,"<div class=""td-wrap""><div class=""td-wrap-in""><div class=""bg ""><span class=""rank "">90</span></div></div></div>",China (Mainland),"<div class=""td-wrap""><div class=""td-wrap-in""></div></div>",60,"<div class=""td-wrap""><div class=""td-wrap-in""><div class=""bg nobg""><span class=""rank large"">51-100</span></div></div></div>",Asia,,"<div class=""td-wrap""><div class=""td-wrap-in""><a href=""/universities/fudan-university"">Fudan University</a></div></div>"
"<div class=""td-wrap""><div class=""td-wrap-in"">73.7</div></div>",68,"<div class=""td-wrap""><div class=""td-wrap-in""><div class=""bg ""><span class=""rank "">=67</span></div></div></div>","<div class=""td-wrap""><div class=""td-wrap-in"">65.5</div></div>",78,"<div class=""td-wrap""><div class=""td-wrap-in""><div class=""bg ""><span class=""rank "">78</span></div></div></div>","<div class=""td-wrap""><div class=""td-wrap-in"">78.7</div></div>",31,"<div class=""td-wrap""><div class=""td-wrap-in""><div class=""bg ""><span class=""rank "">31</span></div></div></div>",United States,"<div class=""td-wrap""><div class=""td-wrap-in""></div></div>",61,"<div class=""td-wrap""><div class=""td-wrap-in""><div class=""bg nobg""><span class=""rank large"">51-100</span></div></div></div>",North America,,"<div class=""td-wrap""><div class=""td-wrap-in""><a href=""/universities/george-washington-university"">George Washington University</a></div></div>"
"<div class=""td-wrap""><div class=""td-wrap-in"">70</div></div>",83,"<div class=""td-wrap""><div class=""td-wrap-in""><div class=""bg ""><span class=""rank "">83</span></div></div></div>","<div class=""td-wrap""><div class=""td-wrap-in"">76.5</div></div>",46,"<div class=""td-wrap""><div class=""td-wrap-in""><div class=""bg ""><span class=""rank "">46</span></div></div></div>","<div class=""td-wrap""><div class=""td-wrap-in"">60.6</div></div>",83,"<div class=""td-wrap""><div class=""td-wrap-in""><div class=""bg ""><span class=""rank "">=83</span></div></div></div>",Australia,"<div class=""td-wrap""><div class=""td-wrap-in""></div></div>",62,"<div class=""td-wrap""><div class=""td-wrap-in""><div class=""bg nobg""><span class=""rank large"">51-100</span></div></div></div>",Oceania,,"<div class=""td-wrap""><div class=""td-wrap-in""><a href=""/universities/griffith-university"">Griffith University</a></div></div>"
"<div class=""td-wrap""><div class=""td-wrap-in"">75.5</div></div>",55,"<div class=""td-wrap""><div class=""td-wrap-in""><div class=""bg ""><span class=""rank "">55</span></div></div></div>","<div class=""td-wrap""><div class=""td-wrap-in"">62.6</div></div>",88,"<div class=""td-wrap""><div class=""td-wrap-in""><div class=""bg ""><span class=""rank "">88</span></div></div></div>","<div class=""td-wrap""><div class=""td-wrap-in"">86.7</div></div>",9,"<div class=""td-wrap""><div class=""td-wrap-in""><div class=""bg ""><span class=""rank "">=8</span></div></div></div>",United States,"<div class=""td-wrap""><div class=""td-wrap-in""></div></div>",63,"<div class=""td-wrap""><div class=""td-wrap-in""><div class=""bg nobg""><span class=""rank large"">51-100</span></div></div></div>",North America,,"<div class=""td-wrap""><div class=""td-wrap-in""><a href=""/universities/indiana-university-bloomington"">Indiana University Bloomington</a></div></div>"
"<div class=""td-wrap""><div class=""td-wrap-in"">79.7</div></div>",39,"<div class=""td-wrap""><div class=""td-wrap-in""><div class=""bg ""><span class=""rank "">39</span></div></div></div>","<div class=""td-wrap""><div class=""td-wrap-in"">64.1</div></div>",83,"<div class=""td-wrap""><div class=""td-wrap-in""><div class=""bg ""><span class=""rank "">=82</span></div></div></div>","<div class=""td-wrap""><div class=""td-wrap-in""></div></div>",96,"<div class=""td-wrap""><div class=""td-wrap-in""><div class=""bg nobg""><span class=""rank "">=96</span></div></div></div>",Sweden,"<div class=""td-wrap""><div class=""td-wrap-in""></div></div>",64,"<div class=""td-wrap""><div class=""td-wrap-in""><div class=""bg nobg""><span class=""rank large"">51-100</span></div></div></div>",Europe,,"<div class=""td-wrap""><div class=""td-wrap-in""><a href=""/universities/karolinska-institutet"">Karolinska Institutet</a></div></div>"
"<div class=""td-wrap""><div class=""td-wrap-in"">78.4</div></div>",42,"<div class=""td-wrap""><div class=""td-wrap-in""><div class=""bg ""><span class=""rank "">42</span></div></div></div>","<div class=""td-wrap""><div class=""td-wrap-in"">84.4</div></div>",26,"<div class=""td-wrap""><div class=""td-wrap-in""><div class=""bg ""><span class=""rank "">26</span></div></div></div>","<div class=""td-wrap""><div class=""td-wrap-in""></div></div>",97,"<div class=""td-wrap""><div class=""td-wrap-in""><div class=""bg nobg""><span class=""rank "">=96</span></div></div></div>",Japan,"<div class=""td-wrap""><div class=""td-wrap-in""></div></div>",65,"<div class=""td-wrap""><div class=""td-wrap-in""><div class=""bg nobg""><span class=""rank large"">51-100</span></div></div></div>",Asia,,"<div class=""td-wrap""><div class=""td-wrap-in""><a href=""/universities/kyoto-university"">Kyoto University</a></div></div>"
"<div class=""td-wrap""><div class=""td-wrap-in"">80.1</div></div>",35,"<div class=""td-wrap""><div class=""td-wrap-in""><div class=""bg ""><span class=""rank "">=35</span></div></div></div>","<div class=""td-wrap""><div class=""td-wrap-in"">37.4</div></div>",99,"<div class=""td-wrap""><div class=""td-wrap-in""><div class=""bg ""><span class=""rank "">99</span></div></div></div>","<div class=""td-wrap""><div class=""td-wrap-in"">79.4</div></div>",29,"<div class=""td-wrap""><div class=""td-wrap-in""><div class=""bg ""><span class=""rank "">29</span></div></div></div>",United Kingdom,"<div class=""td-wrap""><div class=""td-wrap-in""></div></div>",66,"<div class=""td-wrap""><div class=""td-wrap-in""><div class=""bg nobg""><span class=""rank large"">51-100</span></div></div></div>",Europe,,"<div class=""td-wrap""><div class=""td-wrap-in""><a href=""/universities/london-school-hygiene-tropical-medicine"">London School of Hygiene and Tropical Medicine</a></div></div>"
"<div class=""td-wrap""><div class=""td-wrap-in"">73.8</div></div>",65,"<div class=""td-wrap""><div class=""td-wrap-in""><div class=""bg ""><span class=""rank "">=65</span></div></div></div>","<div class=""td-wrap""><div class=""td-wrap-in"">65.3</div></div>",79,"<div class=""td-wrap""><div class=""td-wrap-in""><div class=""bg ""><span class=""rank "">=79</span></div></div></div>","<div class=""td-wrap""><div class=""td-wrap-in"">83</div></div>",16,"<div class=""td-wrap""><div class=""td-wrap-in""><div class=""bg ""><span class=""rank "">16</span></div></div></div>",Sweden,"<div class=""td-wrap""><div class=""td-wrap-in""></div></div>",67,"<div class=""td-wrap""><div class=""td-wrap-in""><div class=""bg nobg""><span class=""rank large"">51-100</span></div></div></div>",Europe,,"<div class=""td-wrap""><div class=""td-wrap-in""><a href=""/universities/lund-university"">Lund University</a></div></div>"
"<div class=""td-wrap""><div class=""td-wrap-in"">66</div></div>",97,"<div class=""td-wrap""><div class=""td-wrap-in""><div class=""bg ""><span class=""rank "">=96</span></div></div></div>","<div class=""td-wrap""><div class=""td-wrap-in"">69.4</div></div>",71,"<div class=""td-wrap""><div class=""td-wrap-in""><div class=""bg ""><span class=""rank "">71</span></div></div></div>","<div class=""td-wrap""><div class=""td-wrap-in"">77.7</div></div>",32,"<div class=""td-wrap""><div class=""td-wrap-in""><div class=""bg ""><span class=""rank "">32</span></div></div></div>",United States,"<div class=""td-wrap""><div class=""td-wrap-in""></div></div>",68,"<div class=""td-wrap""><div class=""td-wrap-in""><div class=""bg nobg""><span class=""rank large"">51-100</span></div></div></div>",North America,,"<div class=""td-wrap""><div class=""td-wrap-in""><a href=""/universities/michigan-state-university"">Michigan State University</a></div></div>"
"<div class=""td-wrap""><div class=""td-wrap-in"">65.3</div></div>",98,"<div class=""td-wrap""><div class=""td-wrap-in""><div class=""bg ""><span class=""rank "">98</span></div></div></div>","<div class=""td-wrap""><div class=""td-wrap-in"">85.3</div></div>",22,"<div class=""td-wrap""><div class=""td-wrap-in""><div class=""bg ""><span class=""rank "">=22</span></div></div></div>","<div class=""td-wrap""><div class=""td-wrap-in"">68.9</div></div>",65,"<div class=""td-wrap""><div class=""td-wrap-in""><div class=""bg ""><span class=""rank "">65</span></div></div></div>",Singapore,"<div class=""td-wrap""><div class=""td-wrap-in""></div></div>",69,"<div class=""td-wrap""><div class=""td-wrap-in""><div class=""bg nobg""><span class=""rank large"">51-100</span></div></div></div>",Asia,,"<div class=""td-wrap""><div class=""td-wrap-in""><a href=""/universities/nanyang-technological-university-singapore-ntu"">Nanyang Technological University, Singapore (NTU)</a></div></div>"
"<div class=""td-wrap""><div class=""td-wrap-in"">73.8</div></div>",66,"<div class=""td-wrap""><div class=""td-wrap-in""><div class=""bg ""><span class=""rank "">=65</span></div></div></div>","<div class=""td-wrap""><div class=""td-wrap-in"">67.6</div></div>",75,"<div class=""td-wrap""><div class=""td-wrap-in""><div class=""bg ""><span class=""rank "">75</span></div></div></div>","<div class=""td-wrap""><div class=""td-wrap-in"">61.8</div></div>",78,"<div class=""td-wrap""><div class=""td-wrap-in""><div class=""bg ""><span class=""rank "">=78</span></div></div></div>",China (Mainland),"<div class=""td-wrap""><div class=""td-wrap-in""></div></div>",70,"<div class=""td-wrap""><div class=""td-wrap-in""><div class=""bg nobg""><span class=""rank large"">51-100</span></div></div></div>",Asia,,"<div class=""td-wrap""><div class=""td-wrap-in""><a href=""/universities/sun-yat-sen-university"">Sun Yat-sen University</a></div></div>"
"<div class=""td-wrap""><div class=""td-wrap-in"">73</div></div>",69,"<div class=""td-wrap""><div class=""td-wrap-in""><div class=""bg ""><span class=""rank "">69</span></div></div></div>","<div class=""td-wrap""><div class=""td-wrap-in"">82.5</div></div>",33,"<div class=""td-wrap""><div class=""td-wrap-in""><div class=""bg ""><span class=""rank "">=33</span></div></div></div>","<div class=""td-wrap""><div class=""td-wrap-in"">61</div></div>",82,"<div class=""td-wrap""><div class=""td-wrap-in""><div class=""bg ""><span class=""rank "">82</span></div></div></div>",South Korea,"<div class=""td-wrap""><div class=""td-wrap-in""></div></div>",71,"<div class=""td-wrap""><div class=""td-wrap-in""><div class=""bg nobg""><span class=""rank large"">51-100</span></div></div></div>",Asia,,"<div class=""td-wrap""><div class=""td-wrap-in""><a href=""/universities/sungkyunkwan-universityskku"">Sungkyunkwan University(SKKU)</a></div></div>"
"<div class=""td-wrap""><div class=""td-wrap-in"">68</div></div>",91,"<div class=""td-wrap""><div class=""td-wrap-in""><div class=""bg ""><span class=""rank "">91</span></div></div></div>","<div class=""td-wrap""><div class=""td-wrap-in"">84</div></div>",28,"<div class=""td-wrap""><div class=""td-wrap-in""><div class=""bg ""><span class=""rank "">28</span></div></div></div>","<div class=""td-wrap""><div class=""td-wrap-in"">59.2</div></div>",86,"<div class=""td-wrap""><div class=""td-wrap-in""><div class=""bg ""><span class=""rank "">86</span></div></div></div>",New Zealand,"<div class=""td-wrap""><div class=""td-wrap-in""></div></div>",72,"<div class=""td-wrap""><div class=""td-wrap-in""><div class=""bg nobg""><span class=""rank large"">51-100</span></div></div></div>",Oceania,6,"<div class=""td-wrap""><div class=""td-wrap-in""><a href=""/universities/university-auckland"">The University of Auckland</a></div></div>"
"<div class=""td-wrap""><div class=""td-wrap-in"">74.4</div></div>",60,"<div class=""td-wrap""><div class=""td-wrap-in""><div class=""bg ""><span class=""rank "">60</span></div></div></div>","<div class=""td-wrap""><div class=""td-wrap-in"">54.6</div></div>",95,"<div class=""td-wrap""><div class=""td-wrap-in""><div class=""bg ""><span class=""rank "">95</span></div></div></div>","<div class=""td-wrap""><div class=""td-wrap-in"">81.9</div></div>",19,"<div class=""td-wrap""><div class=""td-wrap-in""><div class=""bg ""><span class=""rank "">19</span></div></div></div>",United States,"<div class=""td-wrap""><div class=""td-wrap-in""></div></div>",73,"<div class=""td-wrap""><div class=""td-wrap-in""><div class=""bg nobg""><span class=""rank large"">51-100</span></div></div></div>",North America,,"<div class=""td-wrap""><div class=""td-wrap-in""><a href=""/universities/university-georgia"">The University of Georgia</a></div></div>"
"<div class=""td-wrap""><div class=""td-wrap-in"">67.6</div></div>",92,"<div class=""td-wrap""><div class=""td-wrap-in""><div class=""bg ""><span class=""rank "">=92</span></div></div></div>","<div class=""td-wrap""><div class=""td-wrap-in"">73</div></div>",60,"<div class=""td-wrap""><div class=""td-wrap-in""><div class=""bg ""><span class=""rank "">60</span></div></div></div>","<div class=""td-wrap""><div class=""td-wrap-in"">71.8</div></div>",55,"<div class=""td-wrap""><div class=""td-wrap-in""><div class=""bg ""><span class=""rank "">55</span></div></div></div>",United Kingdom,"<div class=""td-wrap""><div class=""td-wrap-in""></div></div>",74,"<div class=""td-wrap""><div class=""td-wrap-in""><div class=""bg nobg""><span class=""rank large"">51-100</span></div></div></div>",Europe,,"<div class=""td-wrap""><div class=""td-wrap-in""><a href=""/universities/university-nottingham"">University of Nottingham</a></div></div>"
"<div class=""td-wrap""><div class=""td-wrap-in"">69.4</div></div>",85,"<div class=""td-wrap""><div class=""td-wrap-in""><div class=""bg ""><span class=""rank "">85</span></div></div></div>","<div class=""td-wrap""><div class=""td-wrap-in"">82.6</div></div>",32,"<div class=""td-wrap""><div class=""td-wrap-in""><div class=""bg ""><span class=""rank "">32</span></div></div></div>","<div class=""td-wrap""><div class=""td-wrap-in"">63.6</div></div>",75,"<div class=""td-wrap""><div class=""td-wrap-in""><div class=""bg ""><span class=""rank "">75</span></div></div></div>",Australia,"<div class=""td-wrap""><div class=""td-wrap-in""></div></div>",75,"<div class=""td-wrap""><div class=""td-wrap-in""><div class=""bg nobg""><span class=""rank large"">51-100</span></div></div></div>",Oceania,,"<div class=""td-wrap""><div class=""td-wrap-in""><a href=""/universities/university-queensland"">The University of Queensland</a></div></div>"
"<div class=""td-wrap""><div class=""td-wrap-in"">72.7</div></div>",72,"<div class=""td-wrap""><div class=""td-wrap-in""><div class=""bg ""><span class=""rank "">=72</span></div></div></div>","<div class=""td-wrap""><div class=""td-wrap-in"">65</div></div>",81,"<div class=""td-wrap""><div class=""td-wrap-in""><div class=""bg ""><span class=""rank "">81</span></div></div></div>","<div class=""td-wrap""><div class=""td-wrap-in"">77</div></div>",36,"<div class=""td-wrap""><div class=""td-wrap-in""><div class=""bg ""><span class=""rank "">36</span></div></div></div>",United Kingdom,"<div class=""td-wrap""><div class=""td-wrap-in""></div></div>",76,"<div class=""td-wrap""><div class=""td-wrap-in""><div class=""bg nobg""><span class=""rank large"">51-100</span></div></div></div>",Europe,,"<div class=""td-wrap""><div class=""td-wrap-in""><a href=""/universities/university-sheffield"">The University of Sheffield</a></div></div>"
"<div class=""td-wrap""><div class=""td-wrap-in"">69.3</div></div>",86,"<div class=""td-wrap""><div class=""td-wrap-in""><div class=""bg ""><span class=""rank "">86</span></div></div></div>","<div class=""td-wrap""><div class=""td-wrap-in"">81.1</div></div>",36,"<div class=""td-wrap""><div class=""td-wrap-in""><div class=""bg ""><span class=""rank "">36</span></div></div></div>","<div class=""td-wrap""><div class=""td-wrap-in"">73.6</div></div>",49,"<div class=""td-wrap""><div class=""td-wrap-in""><div class=""bg ""><span class=""rank "">49</span></div></div></div>",United Kingdom,"<div class=""td-wrap""><div class=""td-wrap-in""></div></div>",77,"<div class=""td-wrap""><div class=""td-wrap-in""><div class=""bg nobg""><span class=""rank large"">51-100</span></div></div></div>",Europe,,"<div class=""td-wrap""><div class=""td-wrap-in""><a href=""/universities/university-warwick"">The University of Warwick</a></div></div>"
"<div class=""td-wrap""><div class=""td-wrap-in"">69.9</div></div>",84,"<div class=""td-wrap""><div class=""td-wrap-in""><div class=""bg ""><span class=""rank "">84</span></div></div></div>","<div class=""td-wrap""><div class=""td-wrap-in"">79</div></div>",40,"<div class=""td-wrap""><div class=""td-wrap-in""><div class=""bg ""><span class=""rank "">40</span></div></div></div>","<div class=""td-wrap""><div class=""td-wrap-in"">71.9</div></div>",54,"<div class=""td-wrap""><div class=""td-wrap-in""><div class=""bg ""><span class=""rank "">=53</span></div></div></div>",Ireland,"<div class=""td-wrap""><div class=""td-wrap-in""></div></div>",78,"<div class=""td-wrap""><div class=""td-wrap-in""><div class=""bg nobg""><span class=""rank large"">51-100</span></div></div></div>",Europe,,"<div class=""td-wrap""><div class=""td-wrap-in""><a href=""/universities/trinity-college-dublin-university-dublin"">Trinity College Dublin, The University of Dublin</a></div></div>"
"<div class=""td-wrap""><div class=""td-wrap-in"">82.8</div></div>",25,"<div class=""td-wrap""><div class=""td-wrap-in""><div class=""bg ""><span class=""rank "">25</span></div></div></div>","<div class=""td-wrap""><div class=""td-wrap-in"">79.9</div></div>",38,"<div class=""td-wrap""><div class=""td-wrap-in""><div class=""bg ""><span class=""rank "">38</span></div></div></div>","<div class=""td-wrap""><div class=""td-wrap-in""></div></div>",100,"<div class=""td-wrap""><div class=""td-wrap-in""><div class=""bg nobg""><span class=""rank "">=96</span></div></div></div>",Mexico,"<div class=""td-wrap""><div class=""td-wrap-in""></div></div>",79,"<div class=""td-wrap""><div class=""td-wrap-in""><div class=""bg nobg""><span class=""rank large"">51-100</span></div></div></div>",Latin America,,"<div class=""td-wrap""><div class=""td-wrap-in""><a href=""/universities/universidad-nacional-autonoma-de-mexico-unam"">Universidad Nacional Aut√≥noma de M√©xico  (UNAM)</a></div></div>"
"<div class=""td-wrap""><div class=""td-wrap-in"">70.1</div></div>",81,"<div class=""td-wrap""><div class=""td-wrap-in""><div class=""bg ""><span class=""rank "">=81</span></div></div></div>","<div class=""td-wrap""><div class=""td-wrap-in"">73.9</div></div>",58,"<div class=""td-wrap""><div class=""td-wrap-in""><div class=""bg ""><span class=""rank "">58</span></div></div></div>","<div class=""td-wrap""><div class=""td-wrap-in"">77.3</div></div>",34,"<div class=""td-wrap""><div class=""td-wrap-in""><div class=""bg ""><span class=""rank "">34</span></div></div></div>",Italy,"<div class=""td-wrap""><div class=""td-wrap-in""></div></div>",80,"<div class=""td-wrap""><div class=""td-wrap-in""><div class=""bg nobg""><span class=""rank large"">51-100</span></div></div></div>",Europe,,"<div class=""td-wrap""><div class=""td-wrap-in""><a href=""/universities/alma-mater-studiorum-university-bologna"">Alma Mater Studiorum - University of Bologna</a></div></div>"
"<div class=""td-wrap""><div class=""td-wrap-in"">74.1</div></div>",64,"<div class=""td-wrap""><div class=""td-wrap-in""><div class=""bg ""><span class=""rank "">=63</span></div></div></div>","<div class=""td-wrap""><div class=""td-wrap-in"">72</div></div>",65,"<div class=""td-wrap""><div class=""td-wrap-in""><div class=""bg ""><span class=""rank "">65</span></div></div></div>","<div class=""td-wrap""><div class=""td-wrap-in"">68.4</div></div>",67,"<div class=""td-wrap""><div class=""td-wrap-in""><div class=""bg ""><span class=""rank "">67</span></div></div></div>",Spain,"<div class=""td-wrap""><div class=""td-wrap-in""></div></div>",81,"<div class=""td-wrap""><div class=""td-wrap-in""><div class=""bg nobg""><span class=""rank large"">51-100</span></div></div></div>",Europe,,"<div class=""td-wrap""><div class=""td-wrap-in""><a href=""/universities/universitat-autonoma-de-barcelona"">Universitat Aut√≤noma de Barcelona</a></div></div>"
"<div class=""td-wrap""><div class=""td-wrap-in"">67.6</div></div>",93,"<div class=""td-wrap""><div class=""td-wrap-in""><div class=""bg ""><span class=""rank "">=92</span></div></div></div>","<div class=""td-wrap""><div class=""td-wrap-in"">74.8</div></div>",53,"<div class=""td-wrap""><div class=""td-wrap-in""><div class=""bg ""><span class=""rank "">=53</span></div></div></div>","<div class=""td-wrap""><div class=""td-wrap-in"">59.6</div></div>",85,"<div class=""td-wrap""><div class=""td-wrap-in""><div class=""bg ""><span class=""rank "">85</span></div></div></div>",Spain,"<div class=""td-wrap""><div class=""td-wrap-in""></div></div>",82,"<div class=""td-wrap""><div class=""td-wrap-in""><div class=""bg nobg""><span class=""rank large"">51-100</span></div></div></div>",Europe,,"<div class=""td-wrap""><div class=""td-wrap-in""><a href=""/universities/universitat-de-barcelona"">Universitat de Barcelona</a></div></div>"
"<div class=""td-wrap""><div class=""td-wrap-in"">72</div></div>",74,"<div class=""td-wrap""><div class=""td-wrap-in""><div class=""bg ""><span class=""rank "">74</span></div></div></div>","<div class=""td-wrap""><div class=""td-wrap-in"">72.4</div></div>",62,"<div class=""td-wrap""><div class=""td-wrap-in""><div class=""bg ""><span class=""rank "">62</span></div></div></div>","<div class=""td-wrap""><div class=""td-wrap-in"">57.1</div></div>",87,"<div class=""td-wrap""><div class=""td-wrap-in""><div class=""bg ""><span class=""rank "">87</span></div></div></div>",Austria,"<div class=""td-wrap""><div class=""td-wrap-in""></div></div>",83,"<div class=""td-wrap""><div class=""td-wrap-in""><div class=""bg nobg""><span class=""rank large"">51-100</span></div></div></div>",Europe,,"<div class=""td-wrap""><div class=""td-wrap-in""><a href=""/universities/university-vienna"">University of Vienna</a></div></div>"
"<div class=""td-wrap""><div class=""td-wrap-in"">72.8</div></div>",71,"<div class=""td-wrap""><div class=""td-wrap-in""><div class=""bg ""><span class=""rank "">71</span></div></div></div>","<div class=""td-wrap""><div class=""td-wrap-in"">72.1</div></div>",64,"<div class=""td-wrap""><div class=""td-wrap-in""><div class=""bg ""><span class=""rank "">=63</span></div></div></div>","<div class=""td-wrap""><div class=""td-wrap-in"">68</div></div>",69,"<div class=""td-wrap""><div class=""td-wrap-in""><div class=""bg ""><span class=""rank "">69</span></div></div></div>",Malaysia,"<div class=""td-wrap""><div class=""td-wrap-in""></div></div>",84,"<div class=""td-wrap""><div class=""td-wrap-in""><div class=""bg nobg""><span class=""rank large"">51-100</span></div></div></div>",Asia,5,"<div class=""td-wrap""><div class=""td-wrap-in""><a href=""/universities/universiti-kebangsaan-malaysia-ukm"">Universiti Kebangsaan Malaysia (UKM)</a></div></div>"
"<div class=""td-wrap""><div class=""td-wrap-in"">63.8</div></div>",99,"<div class=""td-wrap""><div class=""td-wrap-in""><div class=""bg ""><span class=""rank "">99</span></div></div></div>","<div class=""td-wrap""><div class=""td-wrap-in"">75.6</div></div>",51,"<div class=""td-wrap""><div class=""td-wrap-in""><div class=""bg ""><span class=""rank "">51</span></div></div></div>","<div class=""td-wrap""><div class=""td-wrap-in"">74.9</div></div>",46,"<div class=""td-wrap""><div class=""td-wrap-in""><div class=""bg ""><span class=""rank "">46</span></div></div></div>",Ireland,"<div class=""td-wrap""><div class=""td-wrap-in""></div></div>",85,"<div class=""td-wrap""><div class=""td-wrap-in""><div class=""bg nobg""><span class=""rank large"">51-100</span></div></div></div>",Europe,,"<div class=""td-wrap""><div class=""td-wrap-in""><a href=""/universities/university-college-dublin"">University College Dublin</a></div></div>"
"<div class=""td-wrap""><div class=""td-wrap-in"">79.8</div></div>",38,"<div class=""td-wrap""><div class=""td-wrap-in""><div class=""bg ""><span class=""rank "">38</span></div></div></div>","<div class=""td-wrap""><div class=""td-wrap-in"">58.8</div></div>",91,"<div class=""td-wrap""><div class=""td-wrap-in""><div class=""bg ""><span class=""rank "">91</span></div></div></div>","<div class=""td-wrap""><div class=""td-wrap-in"">45.2</div></div>",94,"<div class=""td-wrap""><div class=""td-wrap-in""><div class=""bg ""><span class=""rank "">94</span></div></div></div>",Canada,"<div class=""td-wrap""><div class=""td-wrap-in""></div></div>",86,"<div class=""td-wrap""><div class=""td-wrap-in""><div class=""bg nobg""><span class=""rank large"">51-100</span></div></div></div>",North America,,"<div class=""td-wrap""><div class=""td-wrap-in""><a href=""/universities/university-alberta"">University of Alberta</a></div></div>"
"<div class=""td-wrap""><div class=""td-wrap-in"">75</div></div>",58,"<div class=""td-wrap""><div class=""td-wrap-in""><div class=""bg ""><span class=""rank "">58</span></div></div></div>","<div class=""td-wrap""><div class=""td-wrap-in"">71</div></div>",66,"<div class=""td-wrap""><div class=""td-wrap-in""><div class=""bg ""><span class=""rank "">66</span></div></div></div>","<div class=""td-wrap""><div class=""td-wrap-in"">75.2</div></div>",43,"<div class=""td-wrap""><div class=""td-wrap-in""><div class=""bg ""><span class=""rank "">=43</span></div></div></div>",United Kingdom,"<div class=""td-wrap""><div class=""td-wrap-in""></div></div>",87,"<div class=""td-wrap""><div class=""td-wrap-in""><div class=""bg nobg""><span class=""rank large"">51-100</span></div></div></div>",Europe,,"<div class=""td-wrap""><div class=""td-wrap-in""><a href=""/universities/university-bath"">University of Bath</a></div></div>"
"<div class=""td-wrap""><div class=""td-wrap-in"">72.7</div></div>",73,"<div class=""td-wrap""><div class=""td-wrap-in""><div class=""bg ""><span class=""rank "">=72</span></div></div></div>","<div class=""td-wrap""><div class=""td-wrap-in"">76.4</div></div>",47,"<div class=""td-wrap""><div class=""td-wrap-in""><div class=""bg ""><span class=""rank "">47</span></div></div></div>","<div class=""td-wrap""><div class=""td-wrap-in"">80.6</div></div>",25,"<div class=""td-wrap""><div class=""td-wrap-in""><div class=""bg ""><span class=""rank "">25</span></div></div></div>",United Kingdom,"<div class=""td-wrap""><div class=""td-wrap-in""></div></div>",88,"<div class=""td-wrap""><div class=""td-wrap-in""><div class=""bg nobg""><span class=""rank large"">51-100</span></div></div></div>",Europe,,"<div class=""td-wrap""><div class=""td-wrap-in""><a href=""/universities/university-birmingham"">University of Birmingham</a></div></div>"
"<div class=""td-wrap""><div class=""td-wrap-in"">71.2</div></div>",78,"<div class=""td-wrap""><div class=""td-wrap-in""><div class=""bg ""><span class=""rank "">78</span></div></div></div>","<div class=""td-wrap""><div class=""td-wrap-in"">70.6</div></div>",68,"<div class=""td-wrap""><div class=""td-wrap-in""><div class=""bg ""><span class=""rank "">68</span></div></div></div>","<div class=""td-wrap""><div class=""td-wrap-in"">61.8</div></div>",79,"<div class=""td-wrap""><div class=""td-wrap-in""><div class=""bg ""><span class=""rank "">=78</span></div></div></div>",South Africa,"<div class=""td-wrap""><div class=""td-wrap-in""></div></div>",89,"<div class=""td-wrap""><div class=""td-wrap-in""><div class=""bg nobg""><span class=""rank large"">51-100</span></div></div></div>",Africa,,"<div class=""td-wrap""><div class=""td-wrap-in""><a href=""/universities/uct-graduate-school-business"">UCT Graduate School of Business</a></div></div>"
"<div class=""td-wrap""><div class=""td-wrap-in"">77</div></div>",49,"<div class=""td-wrap""><div class=""td-wrap-in""><div class=""bg ""><span class=""rank "">49</span></div></div></div>","<div class=""td-wrap""><div class=""td-wrap-in"">56.1</div></div>",94,"<div class=""td-wrap""><div class=""td-wrap-in""><div class=""bg ""><span class=""rank "">94</span></div></div></div>","<div class=""td-wrap""><div class=""td-wrap-in"">63.5</div></div>",77,"<div class=""td-wrap""><div class=""td-wrap-in""><div class=""bg ""><span class=""rank "">=76</span></div></div></div>",United Kingdom,"<div class=""td-wrap""><div class=""td-wrap-in""></div></div>",90,"<div class=""td-wrap""><div class=""td-wrap-in""><div class=""bg nobg""><span class=""rank large"">51-100</span></div></div></div>",Europe,,"<div class=""td-wrap""><div class=""td-wrap-in""><a href=""/universities/university-glasgow"">University of Glasgow</a></div></div>"
"<div class=""td-wrap""><div class=""td-wrap-in"">76.2</div></div>",51,"<div class=""td-wrap""><div class=""td-wrap-in""><div class=""bg ""><span class=""rank "">51</span></div></div></div>","<div class=""td-wrap""><div class=""td-wrap-in"">42</div></div>",98,"<div class=""td-wrap""><div class=""td-wrap-in""><div class=""bg ""><span class=""rank "">98</span></div></div></div>","<div class=""td-wrap""><div class=""td-wrap-in"">76.5</div></div>",40,"<div class=""td-wrap""><div class=""td-wrap-in""><div class=""bg ""><span class=""rank "">=39</span></div></div></div>",Sweden,"<div class=""td-wrap""><div class=""td-wrap-in""></div></div>",91,"<div class=""td-wrap""><div class=""td-wrap-in""><div class=""bg nobg""><span class=""rank large"">51-100</span></div></div></div>",Europe,,"<div class=""td-wrap""><div class=""td-wrap-in""><a href=""/universities/university-gothenburg"">University of Gothenburg</a></div></div>"
"<div class=""td-wrap""><div class=""td-wrap-in"">69.1</div></div>",89,"<div class=""td-wrap""><div class=""td-wrap-in""><div class=""bg ""><span class=""rank "">89</span></div></div></div>","<div class=""td-wrap""><div class=""td-wrap-in"">63.8</div></div>",84,"<div class=""td-wrap""><div class=""td-wrap-in""><div class=""bg ""><span class=""rank "">=84</span></div></div></div>","<div class=""td-wrap""><div class=""td-wrap-in"">61.4</div></div>",80,"<div class=""td-wrap""><div class=""td-wrap-in""><div class=""bg ""><span class=""rank "">=80</span></div></div></div>",Finland,"<div class=""td-wrap""><div class=""td-wrap-in""></div></div>",92,"<div class=""td-wrap""><div class=""td-wrap-in""><div class=""bg nobg""><span class=""rank large"">51-100</span></div></div></div>",Europe,,"<div class=""td-wrap""><div class=""td-wrap-in""><a href=""/universities/university-helsinki"">University of Helsinki</a></div></div>"
"<div class=""td-wrap""><div class=""td-wrap-in"">74.2</div></div>",62,"<div class=""td-wrap""><div class=""td-wrap-in""><div class=""bg ""><span class=""rank "">62</span></div></div></div>","<div class=""td-wrap""><div class=""td-wrap-in"">65.3</div></div>",80,"<div class=""td-wrap""><div class=""td-wrap-in""><div class=""bg ""><span class=""rank "">=79</span></div></div></div>","<div class=""td-wrap""><div class=""td-wrap-in"">81.1</div></div>",22,"<div class=""td-wrap""><div class=""td-wrap-in""><div class=""bg ""><span class=""rank "">=21</span></div></div></div>",United Kingdom,"<div class=""td-wrap""><div class=""td-wrap-in""></div></div>",93,"<div class=""td-wrap""><div class=""td-wrap-in""><div class=""bg nobg""><span class=""rank large"">51-100</span></div></div></div>",Europe,,"<div class=""td-wrap""><div class=""td-wrap-in""><a href=""/universities/university-kent"">University of Kent</a></div></div>"
"<div class=""td-wrap""><div class=""td-wrap-in"">69.2</div></div>",88,"<div class=""td-wrap""><div class=""td-wrap-in""><div class=""bg ""><span class=""rank "">=87</span></div></div></div>","<div class=""td-wrap""><div class=""td-wrap-in"">74.8</div></div>",54,"<div class=""td-wrap""><div class=""td-wrap-in""><div class=""bg ""><span class=""rank "">=53</span></div></div></div>","<div class=""td-wrap""><div class=""td-wrap-in"">66.2</div></div>",71,"<div class=""td-wrap""><div class=""td-wrap-in""><div class=""bg ""><span class=""rank "">71</span></div></div></div>",United Kingdom,"<div class=""td-wrap""><div class=""td-wrap-in""></div></div>",94,"<div class=""td-wrap""><div class=""td-wrap-in""><div class=""bg nobg""><span class=""rank large"">51-100</span></div></div></div>",Europe,,"<div class=""td-wrap""><div class=""td-wrap-in""><a href=""/universities/university-leeds"">University of Leeds</a></div></div>"
"<div class=""td-wrap""><div class=""td-wrap-in"">71.6</div></div>",76,"<div class=""td-wrap""><div class=""td-wrap-in""><div class=""bg ""><span class=""rank "">76</span></div></div></div>","<div class=""td-wrap""><div class=""td-wrap-in"">57.6</div></div>",92,"<div class=""td-wrap""><div class=""td-wrap-in""><div class=""bg ""><span class=""rank "">92</span></div></div></div>","<div class=""td-wrap""><div class=""td-wrap-in"">80.1</div></div>",26,"<div class=""td-wrap""><div class=""td-wrap-in""><div class=""bg ""><span class=""rank "">26</span></div></div></div>",United States,"<div class=""td-wrap""><div class=""td-wrap-in""></div></div>",95,"<div class=""td-wrap""><div class=""td-wrap-in""><div class=""bg nobg""><span class=""rank large"">51-100</span></div></div></div>",North America,,"<div class=""td-wrap""><div class=""td-wrap-in""><a href=""/universities/university-maryland-college-park"">University of Maryland, College Park</a></div></div>"
"<div class=""td-wrap""><div class=""td-wrap-in"">66.3</div></div>",95,"<div class=""td-wrap""><div class=""td-wrap-in""><div class=""bg ""><span class=""rank "">95</span></div></div></div>","<div class=""td-wrap""><div class=""td-wrap-in"">68.4</div></div>",74,"<div class=""td-wrap""><div class=""td-wrap-in""><div class=""bg ""><span class=""rank "">74</span></div></div></div>","<div class=""td-wrap""><div class=""td-wrap-in"">74.3</div></div>",47,"<div class=""td-wrap""><div class=""td-wrap-in""><div class=""bg ""><span class=""rank "">47</span></div></div></div>",United States,"<div class=""td-wrap""><div class=""td-wrap-in""></div></div>",96,"<div class=""td-wrap""><div class=""td-wrap-in""><div class=""bg nobg""><span class=""rank large"">51-100</span></div></div></div>",North America,,"<div class=""td-wrap""><div class=""td-wrap-in""><a href=""/universities/university-north-carolina-chapel-hill"">University of North Carolina, Chapel Hill</a></div></div>"
"<div class=""td-wrap""><div class=""td-wrap-in"">70.1</div></div>",82,"<div class=""td-wrap""><div class=""td-wrap-in""><div class=""bg ""><span class=""rank "">=81</span></div></div></div>","<div class=""td-wrap""><div class=""td-wrap-in"">69.2</div></div>",72,"<div class=""td-wrap""><div class=""td-wrap-in""><div class=""bg ""><span class=""rank "">72</span></div></div></div>","<div class=""td-wrap""><div class=""td-wrap-in"">70</div></div>",61,"<div class=""td-wrap""><div class=""td-wrap-in""><div class=""bg ""><span class=""rank "">=60</span></div></div></div>",United States,"<div class=""td-wrap""><div class=""td-wrap-in""></div></div>",97,"<div class=""td-wrap""><div class=""td-wrap-in""><div class=""bg nobg""><span class=""rank large"">51-100</span></div></div></div>",North America,,"<div class=""td-wrap""><div class=""td-wrap-in""><a href=""/universities/university-southern-california"">University of Southern California</a></div></div>"
"<div class=""td-wrap""><div class=""td-wrap-in"">72.9</div></div>",70,"<div class=""td-wrap""><div class=""td-wrap-in""><div class=""bg ""><span class=""rank "">70</span></div></div></div>","<div class=""td-wrap""><div class=""td-wrap-in"">63.8</div></div>",85,"<div class=""td-wrap""><div class=""td-wrap-in""><div class=""bg ""><span class=""rank "">=84</span></div></div></div>","<div class=""td-wrap""><div class=""td-wrap-in"">79.8</div></div>",27,"<div class=""td-wrap""><div class=""td-wrap-in""><div class=""bg ""><span class=""rank "">27</span></div></div></div>",United States,"<div class=""td-wrap""><div class=""td-wrap-in""></div></div>",98,"<div class=""td-wrap""><div class=""td-wrap-in""><div class=""bg nobg""><span class=""rank large"">51-100</span></div></div></div>",North America,,"<div class=""td-wrap""><div class=""td-wrap-in""><a href=""/universities/university-texas-austin"">University of Texas at Austin</a></div></div>"
"<div class=""td-wrap""><div class=""td-wrap-in"">77.7</div></div>",45,"<div class=""td-wrap""><div class=""td-wrap-in""><div class=""bg ""><span class=""rank "">45</span></div></div></div>","<div class=""td-wrap""><div class=""td-wrap-in"">57</div></div>",93,"<div class=""td-wrap""><div class=""td-wrap-in""><div class=""bg ""><span class=""rank "">93</span></div></div></div>","<div class=""td-wrap""><div class=""td-wrap-in"">85.5</div></div>",14,"<div class=""td-wrap""><div class=""td-wrap-in""><div class=""bg ""><span class=""rank "">14</span></div></div></div>",Netherlands,"<div class=""td-wrap""><div class=""td-wrap-in""></div></div>",99,"<div class=""td-wrap""><div class=""td-wrap-in""><div class=""bg nobg""><span class=""rank large"">51-100</span></div></div></div>",Europe,,"<div class=""td-wrap""><div class=""td-wrap-in""><a href=""/universities/utrecht-university"">Utrecht University</a></div></div>"
"<div class=""td-wrap""><div class=""td-wrap-in"">68.1</div></div>",90,"<div class=""td-wrap""><div class=""td-wrap-in""><div class=""bg ""><span class=""rank "">90</span></div></div></div>","<div class=""td-wrap""><div class=""td-wrap-in"">63.4</div></div>",86,"<div class=""td-wrap""><div class=""td-wrap-in""><div class=""bg ""><span class=""rank "">86</span></div></div></div>","<div class=""td-wrap""><div class=""td-wrap-in"">81.1</div></div>",23,"<div class=""td-wrap""><div class=""td-wrap-in""><div class=""bg ""><span class=""rank "">=21</span></div></div></div>",Netherlands,"<div class=""td-wrap""><div class=""td-wrap-in""></div></div>",100,"<div class=""td-wrap""><div class=""td-wrap-in""><div class=""bg nobg""><span class=""rank large"">51-100</span></div></div></div>",Europe,,"<div class=""td-wrap""><div class=""td-wrap-in""><a href=""/universities/vrije-universiteit-amsterdam"">Vrije Universiteit Amsterdam</a></div></div>"
