Academic Reputation,SCORE,SCORE,Employer Reputation,SCORE,SCORE,LOCATION,OVERALL SCORE,# RANK,# RANK,REGION,STARS,UNIVERSITY
"<div class=""td-wrap""><div class=""td-wrap-in"">100</div></div>",1,"<div class=""td-wrap""><div class=""td-wrap-in""><div class=""bg ""><span class=""rank "">1</span></div></div></div>","<div class=""td-wrap""><div class=""td-wrap-in"">80.6</div></div>",15,"<div class=""td-wrap""><div class=""td-wrap-in""><div class=""bg ""><span class=""rank "">=13</span></div></div></div>",United States,"<div class=""td-wrap""><div class=""td-wrap-in"">98.1</div></div>",1,"<div class=""td-wrap""><div class=""td-wrap-in""><div class=""bg ""><span class=""rank "">1</span></div></div></div>",North America,,"<div class=""td-wrap""><div class=""td-wrap-in""><a href=""/universities/juilliard-school"">The Juilliard School</a></div></div>"
"<div class=""td-wrap""><div class=""td-wrap-in"">96.4</div></div>",2,"<div class=""td-wrap""><div class=""td-wrap-in""><div class=""bg ""><span class=""rank "">2</span></div></div></div>","<div class=""td-wrap""><div class=""td-wrap-in"">80.6</div></div>",16,"<div class=""td-wrap""><div class=""td-wrap-in""><div class=""bg ""><span class=""rank "">=13</span></div></div></div>",United Kingdom,"<div class=""td-wrap""><div class=""td-wrap-in"">94.8</div></div>",2,"<div class=""td-wrap""><div class=""td-wrap-in""><div class=""bg ""><span class=""rank "">2</span></div></div></div>",Europe,,"<div class=""td-wrap""><div class=""td-wrap-in""><a href=""/universities/royal-college-music"">Royal College of Music</a></div></div>"
"<div class=""td-wrap""><div class=""td-wrap-in"">93</div></div>",3,"<div class=""td-wrap""><div class=""td-wrap-in""><div class=""bg ""><span class=""rank "">=3</span></div></div></div>","<div class=""td-wrap""><div class=""td-wrap-in"">80.3</div></div>",17,"<div class=""td-wrap""><div class=""td-wrap-in""><div class=""bg ""><span class=""rank "">17</span></div></div></div>",United Kingdom,"<div class=""td-wrap""><div class=""td-wrap-in"">91.7</div></div>",3,"<div class=""td-wrap""><div class=""td-wrap-in""><div class=""bg ""><span class=""rank ""><span class=""sign"">=</span>3</span></div></div></div>",Europe,,"<div class=""td-wrap""><div class=""td-wrap-in""><a href=""/universities/royal-academy-music"">Royal Academy of Music</a></div></div>"
"<div class=""td-wrap""><div class=""td-wrap-in"">93</div></div>",4,"<div class=""td-wrap""><div class=""td-wrap-in""><div class=""bg ""><span class=""rank "">=3</span></div></div></div>","<div class=""td-wrap""><div class=""td-wrap-in"">80</div></div>",18,"<div class=""td-wrap""><div class=""td-wrap-in""><div class=""bg ""><span class=""rank "">18</span></div></div></div>",United Kingdom,"<div class=""td-wrap""><div class=""td-wrap-in"">91.7</div></div>",4,"<div class=""td-wrap""><div class=""td-wrap-in""><div class=""bg ""><span class=""rank ""><span class=""sign"">=</span>3</span></div></div></div>",Europe,,"<div class=""td-wrap""><div class=""td-wrap-in""><a href=""/universities/royal-conservatoire-scotland-formerly-royal-scottish-academy-music-drama"">Royal Conservatoire of Scotland (Formerly Royal Scottish Academy of Music and Drama)</a></div></div>"
"<div class=""td-wrap""><div class=""td-wrap-in"">89</div></div>",8,"<div class=""td-wrap""><div class=""td-wrap-in""><div class=""bg ""><span class=""rank "">8</span></div></div></div>","<div class=""td-wrap""><div class=""td-wrap-in"">100</div></div>",1,"<div class=""td-wrap""><div class=""td-wrap-in""><div class=""bg ""><span class=""rank "">1</span></div></div></div>",Austria,"<div class=""td-wrap""><div class=""td-wrap-in"">90.1</div></div>",5,"<div class=""td-wrap""><div class=""td-wrap-in""><div class=""bg ""><span class=""rank "">5</span></div></div></div>",Europe,,"<div class=""td-wrap""><div class=""td-wrap-in""><a href=""/universities/university-music-performing-arts-vienna"">University of Music and Performing Arts Vienna</a></div></div>"
"<div class=""td-wrap""><div class=""td-wrap-in"">92</div></div>",5,"<div class=""td-wrap""><div class=""td-wrap-in""><div class=""bg ""><span class=""rank "">5</span></div></div></div>","<div class=""td-wrap""><div class=""td-wrap-in"">52.3</div></div>",68,"<div class=""td-wrap""><div class=""td-wrap-in""><div class=""bg ""><span class=""rank "">=68</span></div></div></div>",Sweden,"<div class=""td-wrap""><div class=""td-wrap-in"">88</div></div>",6,"<div class=""td-wrap""><div class=""td-wrap-in""><div class=""bg ""><span class=""rank "">6</span></div></div></div>",Europe,,"<div class=""td-wrap""><div class=""td-wrap-in""><a href=""/universities/royal-college-music-stockholm"">Royal College of Music in Stockholm</a></div></div>"
"<div class=""td-wrap""><div class=""td-wrap-in"">86.5</div></div>",9,"<div class=""td-wrap""><div class=""td-wrap-in""><div class=""bg ""><span class=""rank "">9</span></div></div></div>","<div class=""td-wrap""><div class=""td-wrap-in"">79.7</div></div>",19,"<div class=""td-wrap""><div class=""td-wrap-in""><div class=""bg ""><span class=""rank "">19</span></div></div></div>",United States,"<div class=""td-wrap""><div class=""td-wrap-in"">85.8</div></div>",7,"<div class=""td-wrap""><div class=""td-wrap-in""><div class=""bg ""><span class=""rank "">7</span></div></div></div>",North America,,"<div class=""td-wrap""><div class=""td-wrap-in""><a href=""/universities/indiana-university-bloomington"">Indiana University Bloomington</a></div></div>"
"<div class=""td-wrap""><div class=""td-wrap-in"">86.2</div></div>",10,"<div class=""td-wrap""><div class=""td-wrap-in""><div class=""bg ""><span class=""rank "">10</span></div></div></div>","<div class=""td-wrap""><div class=""td-wrap-in"">80.6</div></div>",13,"<div class=""td-wrap""><div class=""td-wrap-in""><div class=""bg ""><span class=""rank "">=13</span></div></div></div>",United States,"<div class=""td-wrap""><div class=""td-wrap-in"">85.6</div></div>",8,"<div class=""td-wrap""><div class=""td-wrap-in""><div class=""bg ""><span class=""rank "">8</span></div></div></div>",North America,,"<div class=""td-wrap""><div class=""td-wrap-in""><a href=""/universities/curtis-institute-music"">Curtis Institute of Music</a></div></div>"
"<div class=""td-wrap""><div class=""td-wrap-in"">90.8</div></div>",6,"<div class=""td-wrap""><div class=""td-wrap-in""><div class=""bg ""><span class=""rank "">6</span></div></div></div>","<div class=""td-wrap""><div class=""td-wrap-in"">34.7</div></div>",78,"<div class=""td-wrap""><div class=""td-wrap-in""><div class=""bg ""><span class=""rank "">78</span></div></div></div>",France,"<div class=""td-wrap""><div class=""td-wrap-in"">85.2</div></div>",9,"<div class=""td-wrap""><div class=""td-wrap-in""><div class=""bg ""><span class=""rank "">9</span></div></div></div>",Europe,,"<div class=""td-wrap""><div class=""td-wrap-in""><a href=""/universities/conservatoire-national-superieur-de-musique-et-de-danse-de-paris-cnsmdp"">Conservatoire national supérieur de musique et de danse de Paris (CNSMDP)</a></div></div>"
"<div class=""td-wrap""><div class=""td-wrap-in"">89.7</div></div>",7,"<div class=""td-wrap""><div class=""td-wrap-in""><div class=""bg ""><span class=""rank "">7</span></div></div></div>","<div class=""td-wrap""><div class=""td-wrap-in"">34.3</div></div>",93,"<div class=""td-wrap""><div class=""td-wrap-in""><div class=""bg ""><span class=""rank "">=82</span></div></div></div>",Finland,"<div class=""td-wrap""><div class=""td-wrap-in"">84.2</div></div>",10,"<div class=""td-wrap""><div class=""td-wrap-in""><div class=""bg ""><span class=""rank "">10</span></div></div></div>",Europe,,"<div class=""td-wrap""><div class=""td-wrap-in""><a href=""/universities/sibelius-academy-university-arts-helsinki-uniarts-helsinki"">Sibelius Academy, University of the Arts Helsinki (Uniarts Helsinki)</a></div></div>"
"<div class=""td-wrap""><div class=""td-wrap-in"">82</div></div>",13,"<div class=""td-wrap""><div class=""td-wrap-in""><div class=""bg ""><span class=""rank "">=13</span></div></div></div>","<div class=""td-wrap""><div class=""td-wrap-in"">93.9</div></div>",4,"<div class=""td-wrap""><div class=""td-wrap-in""><div class=""bg ""><span class=""rank "">4</span></div></div></div>",United States,"<div class=""td-wrap""><div class=""td-wrap-in"">83.2</div></div>",11,"<div class=""td-wrap""><div class=""td-wrap-in""><div class=""bg ""><span class=""rank "">11</span></div></div></div>",North America,,"<div class=""td-wrap""><div class=""td-wrap-in""><a href=""/universities/harvard-university"">Harvard University</a></div></div>"
"<div class=""td-wrap""><div class=""td-wrap-in"">81.7</div></div>",16,"<div class=""td-wrap""><div class=""td-wrap-in""><div class=""bg ""><span class=""rank "">16</span></div></div></div>","<div class=""td-wrap""><div class=""td-wrap-in"">95.1</div></div>",2,"<div class=""td-wrap""><div class=""td-wrap-in""><div class=""bg ""><span class=""rank "">2</span></div></div></div>",United Kingdom,"<div class=""td-wrap""><div class=""td-wrap-in"">83</div></div>",12,"<div class=""td-wrap""><div class=""td-wrap-in""><div class=""bg ""><span class=""rank "">12</span></div></div></div>",Europe,,"<div class=""td-wrap""><div class=""td-wrap-in""><a href=""/universities/university-cambridge"">University of Cambridge</a></div></div>"
"<div class=""td-wrap""><div class=""td-wrap-in"">81.2</div></div>",18,"<div class=""td-wrap""><div class=""td-wrap-in""><div class=""bg ""><span class=""rank "">18</span></div></div></div>","<div class=""td-wrap""><div class=""td-wrap-in"">94.2</div></div>",3,"<div class=""td-wrap""><div class=""td-wrap-in""><div class=""bg ""><span class=""rank "">3</span></div></div></div>",United Kingdom,"<div class=""td-wrap""><div class=""td-wrap-in"">82.5</div></div>",13,"<div class=""td-wrap""><div class=""td-wrap-in""><div class=""bg ""><span class=""rank "">13</span></div></div></div>",Europe,,"<div class=""td-wrap""><div class=""td-wrap-in""><a href=""/universities/university-oxford"">University of Oxford</a></div></div>"
"<div class=""td-wrap""><div class=""td-wrap-in"">82</div></div>",14,"<div class=""td-wrap""><div class=""td-wrap-in""><div class=""bg ""><span class=""rank "">=13</span></div></div></div>","<div class=""td-wrap""><div class=""td-wrap-in"">68.8</div></div>",36,"<div class=""td-wrap""><div class=""td-wrap-in""><div class=""bg ""><span class=""rank "">36</span></div></div></div>",United States,"<div class=""td-wrap""><div class=""td-wrap-in"">80.7</div></div>",14,"<div class=""td-wrap""><div class=""td-wrap-in""><div class=""bg ""><span class=""rank ""><span class=""sign"">=</span>14</span></div></div></div>",North America,,"<div class=""td-wrap""><div class=""td-wrap-in""><a href=""/universities/new-york-university-nyu"">New York University (NYU)</a></div></div>"
"<div class=""td-wrap""><div class=""td-wrap-in"">86.1</div></div>",11,"<div class=""td-wrap""><div class=""td-wrap-in""><div class=""bg ""><span class=""rank "">11</span></div></div></div>","<div class=""td-wrap""><div class=""td-wrap-in"">31.6</div></div>",97,"<div class=""td-wrap""><div class=""td-wrap-in""><div class=""bg ""><span class=""rank "">97</span></div></div></div>",United Kingdom,"<div class=""td-wrap""><div class=""td-wrap-in"">80.7</div></div>",15,"<div class=""td-wrap""><div class=""td-wrap-in""><div class=""bg ""><span class=""rank ""><span class=""sign"">=</span>14</span></div></div></div>",Europe,,"<div class=""td-wrap""><div class=""td-wrap-in""><a href=""/universities/royal-holloway-university-london"">Royal Holloway University of London</a></div></div>"
"<div class=""td-wrap""><div class=""td-wrap-in"">80.5</div></div>",23,"<div class=""td-wrap""><div class=""td-wrap-in""><div class=""bg ""><span class=""rank "">23</span></div></div></div>","<div class=""td-wrap""><div class=""td-wrap-in"">81.9</div></div>",11,"<div class=""td-wrap""><div class=""td-wrap-in""><div class=""bg ""><span class=""rank "">11</span></div></div></div>",United States,"<div class=""td-wrap""><div class=""td-wrap-in"">80.6</div></div>",16,"<div class=""td-wrap""><div class=""td-wrap-in""><div class=""bg ""><span class=""rank ""><span class=""sign"">=</span>16</span></div></div></div>",North America,,"<div class=""td-wrap""><div class=""td-wrap-in""><a href=""/universities/university-california-berkeley-ucb"">University of California, Berkeley (UCB)</a></div></div>"
"<div class=""td-wrap""><div class=""td-wrap-in"">80.6</div></div>",22,"<div class=""td-wrap""><div class=""td-wrap-in""><div class=""bg ""><span class=""rank "">22</span></div></div></div>","<div class=""td-wrap""><div class=""td-wrap-in"">81</div></div>",12,"<div class=""td-wrap""><div class=""td-wrap-in""><div class=""bg ""><span class=""rank "">12</span></div></div></div>",United States,"<div class=""td-wrap""><div class=""td-wrap-in"">80.6</div></div>",17,"<div class=""td-wrap""><div class=""td-wrap-in""><div class=""bg ""><span class=""rank ""><span class=""sign"">=</span>16</span></div></div></div>",North America,,"<div class=""td-wrap""><div class=""td-wrap-in""><a href=""/universities/yale-university"">Yale University</a></div></div>"
"<div class=""td-wrap""><div class=""td-wrap-in"">80.7</div></div>",21,"<div class=""td-wrap""><div class=""td-wrap-in""><div class=""bg ""><span class=""rank "">=20</span></div></div></div>","<div class=""td-wrap""><div class=""td-wrap-in"">77.6</div></div>",23,"<div class=""td-wrap""><div class=""td-wrap-in""><div class=""bg ""><span class=""rank "">23</span></div></div></div>",United States,"<div class=""td-wrap""><div class=""td-wrap-in"">80.4</div></div>",18,"<div class=""td-wrap""><div class=""td-wrap-in""><div class=""bg ""><span class=""rank "">18</span></div></div></div>",North America,,"<div class=""td-wrap""><div class=""td-wrap-in""><a href=""/universities/university-rochester"">University of Rochester</a></div></div>"
"<div class=""td-wrap""><div class=""td-wrap-in"">81.9</div></div>",15,"<div class=""td-wrap""><div class=""td-wrap-in""><div class=""bg ""><span class=""rank "">15</span></div></div></div>","<div class=""td-wrap""><div class=""td-wrap-in"">59</div></div>",57,"<div class=""td-wrap""><div class=""td-wrap-in""><div class=""bg ""><span class=""rank "">57</span></div></div></div>",United States,"<div class=""td-wrap""><div class=""td-wrap-in"">79.6</div></div>",19,"<div class=""td-wrap""><div class=""td-wrap-in""><div class=""bg ""><span class=""rank "">19</span></div></div></div>",North America,,"<div class=""td-wrap""><div class=""td-wrap-in""><a href=""/universities/northwestern-university"">Northwestern University</a></div></div>"
"<div class=""td-wrap""><div class=""td-wrap-in"">80.7</div></div>",20,"<div class=""td-wrap""><div class=""td-wrap-in""><div class=""bg ""><span class=""rank "">=20</span></div></div></div>","<div class=""td-wrap""><div class=""td-wrap-in"">69</div></div>",35,"<div class=""td-wrap""><div class=""td-wrap-in""><div class=""bg ""><span class=""rank "">35</span></div></div></div>",United Kingdom,"<div class=""td-wrap""><div class=""td-wrap-in"">79.5</div></div>",20,"<div class=""td-wrap""><div class=""td-wrap-in""><div class=""bg ""><span class=""rank "">20</span></div></div></div>",Europe,,"<div class=""td-wrap""><div class=""td-wrap-in""><a href=""/universities/kings-college-london"">King&#039;s College London</a></div></div>"
"<div class=""td-wrap""><div class=""td-wrap-in"">79.1</div></div>",26,"<div class=""td-wrap""><div class=""td-wrap-in""><div class=""bg ""><span class=""rank "">26</span></div></div></div>","<div class=""td-wrap""><div class=""td-wrap-in"">80.6</div></div>",14,"<div class=""td-wrap""><div class=""td-wrap-in""><div class=""bg ""><span class=""rank "">=13</span></div></div></div>",United Kingdom,"<div class=""td-wrap""><div class=""td-wrap-in"">79.3</div></div>",21,"<div class=""td-wrap""><div class=""td-wrap-in""><div class=""bg ""><span class=""rank "">21</span></div></div></div>",Europe,,"<div class=""td-wrap""><div class=""td-wrap-in""><a href=""/universities/guildhall-school-music-drama"">Guildhall School of Music and Drama</a></div></div>"
"<div class=""td-wrap""><div class=""td-wrap-in"">79.3</div></div>",25,"<div class=""td-wrap""><div class=""td-wrap-in""><div class=""bg ""><span class=""rank "">25</span></div></div></div>","<div class=""td-wrap""><div class=""td-wrap-in"">70</div></div>",32,"<div class=""td-wrap""><div class=""td-wrap-in""><div class=""bg ""><span class=""rank "">=32</span></div></div></div>",United Kingdom,"<div class=""td-wrap""><div class=""td-wrap-in"">78.4</div></div>",22,"<div class=""td-wrap""><div class=""td-wrap-in""><div class=""bg ""><span class=""rank "">22</span></div></div></div>",Europe,5,"<div class=""td-wrap""><div class=""td-wrap-in""><a href=""/universities/goldsmiths-university-london"">Goldsmiths, University of London</a></div></div>"
"<div class=""td-wrap""><div class=""td-wrap-in"">78.1</div></div>",29,"<div class=""td-wrap""><div class=""td-wrap-in""><div class=""bg ""><span class=""rank "">29</span></div></div></div>","<div class=""td-wrap""><div class=""td-wrap-in"">78.4</div></div>",22,"<div class=""td-wrap""><div class=""td-wrap-in""><div class=""bg ""><span class=""rank "">22</span></div></div></div>",United States,"<div class=""td-wrap""><div class=""td-wrap-in"">78.1</div></div>",23,"<div class=""td-wrap""><div class=""td-wrap-in""><div class=""bg ""><span class=""rank "">23</span></div></div></div>",North America,,"<div class=""td-wrap""><div class=""td-wrap-in""><a href=""/universities/university-california-los-angeles-ucla"">University of California, Los Angeles (UCLA)</a></div></div>"
"<div class=""td-wrap""><div class=""td-wrap-in"">83.2</div></div>",12,"<div class=""td-wrap""><div class=""td-wrap-in""><div class=""bg ""><span class=""rank "">12</span></div></div></div>","<div class=""td-wrap""><div class=""td-wrap-in"">30.3</div></div>",99,"<div class=""td-wrap""><div class=""td-wrap-in""><div class=""bg ""><span class=""rank "">=98</span></div></div></div>",Indonesia,"<div class=""td-wrap""><div class=""td-wrap-in"">77.9</div></div>",24,"<div class=""td-wrap""><div class=""td-wrap-in""><div class=""bg ""><span class=""rank "">24</span></div></div></div>",Asia,,"<div class=""td-wrap""><div class=""td-wrap-in""><a href=""/universities/indonesia-institute-arts-yogyakarta"">Indonesia Institute of the Arts Yogyakarta</a></div></div>"
"<div class=""td-wrap""><div class=""td-wrap-in"">76.5</div></div>",34,"<div class=""td-wrap""><div class=""td-wrap-in""><div class=""bg ""><span class=""rank "">34</span></div></div></div>","<div class=""td-wrap""><div class=""td-wrap-in"">85.9</div></div>",8,"<div class=""td-wrap""><div class=""td-wrap-in""><div class=""bg ""><span class=""rank "">=7</span></div></div></div>",United States,"<div class=""td-wrap""><div class=""td-wrap-in"">77.4</div></div>",25,"<div class=""td-wrap""><div class=""td-wrap-in""><div class=""bg ""><span class=""rank "">25</span></div></div></div>",North America,,"<div class=""td-wrap""><div class=""td-wrap-in""><a href=""/universities/stanford-university"">Stanford University</a></div></div>"
"<div class=""td-wrap""><div class=""td-wrap-in"">76.7</div></div>",31,"<div class=""td-wrap""><div class=""td-wrap-in""><div class=""bg ""><span class=""rank "">31</span></div></div></div>","<div class=""td-wrap""><div class=""td-wrap-in"">78.9</div></div>",21,"<div class=""td-wrap""><div class=""td-wrap-in""><div class=""bg ""><span class=""rank "">21</span></div></div></div>",Australia,"<div class=""td-wrap""><div class=""td-wrap-in"">76.9</div></div>",26,"<div class=""td-wrap""><div class=""td-wrap-in""><div class=""bg ""><span class=""rank "">26</span></div></div></div>",Oceania,,"<div class=""td-wrap""><div class=""td-wrap-in""><a href=""/universities/university-melbourne"">The University of Melbourne</a></div></div>"
"<div class=""td-wrap""><div class=""td-wrap-in"">81.4</div></div>",17,"<div class=""td-wrap""><div class=""td-wrap-in""><div class=""bg ""><span class=""rank "">17</span></div></div></div>","<div class=""td-wrap""><div class=""td-wrap-in"">34.4</div></div>",81,"<div class=""td-wrap""><div class=""td-wrap-in""><div class=""bg ""><span class=""rank "">81</span></div></div></div>",United Kingdom,"<div class=""td-wrap""><div class=""td-wrap-in"">76.7</div></div>",27,"<div class=""td-wrap""><div class=""td-wrap-in""><div class=""bg ""><span class=""rank "">27</span></div></div></div>",Europe,,"<div class=""td-wrap""><div class=""td-wrap-in""><a href=""/universities/royal-central-school-speech-drama"">The Royal Central School of Speech and Drama</a></div></div>"
"<div class=""td-wrap""><div class=""td-wrap-in"">81.1</div></div>",19,"<div class=""td-wrap""><div class=""td-wrap-in""><div class=""bg ""><span class=""rank "">19</span></div></div></div>","<div class=""td-wrap""><div class=""td-wrap-in"">34.3</div></div>",85,"<div class=""td-wrap""><div class=""td-wrap-in""><div class=""bg ""><span class=""rank "">=82</span></div></div></div>",Italy,"<div class=""td-wrap""><div class=""td-wrap-in"">76.4</div></div>",28,"<div class=""td-wrap""><div class=""td-wrap-in""><div class=""bg ""><span class=""rank "">28</span></div></div></div>",Europe,,"<div class=""td-wrap""><div class=""td-wrap-in""><a href=""/universities/conservatorio-santa-cecilia"">Conservatorio Santa Cecilia</a></div></div>"
"<div class=""td-wrap""><div class=""td-wrap-in"">78.9</div></div>",27,"<div class=""td-wrap""><div class=""td-wrap-in""><div class=""bg ""><span class=""rank "">27</span></div></div></div>","<div class=""td-wrap""><div class=""td-wrap-in"">52.3</div></div>",69,"<div class=""td-wrap""><div class=""td-wrap-in""><div class=""bg ""><span class=""rank "">=68</span></div></div></div>",Denmark,"<div class=""td-wrap""><div class=""td-wrap-in"">76.2</div></div>",29,"<div class=""td-wrap""><div class=""td-wrap-in""><div class=""bg ""><span class=""rank "">29</span></div></div></div>",Europe,,"<div class=""td-wrap""><div class=""td-wrap-in""><a href=""/universities/royal-danish-academy-music"">The Royal Danish Academy of Music</a></div></div>"
"<div class=""td-wrap""><div class=""td-wrap-in"">79.6</div></div>",24,"<div class=""td-wrap""><div class=""td-wrap-in""><div class=""bg ""><span class=""rank "">24</span></div></div></div>","<div class=""td-wrap""><div class=""td-wrap-in"">44.9</div></div>",75,"<div class=""td-wrap""><div class=""td-wrap-in""><div class=""bg ""><span class=""rank "">75</span></div></div></div>",United Kingdom,"<div class=""td-wrap""><div class=""td-wrap-in"">76.1</div></div>",30,"<div class=""td-wrap""><div class=""td-wrap-in""><div class=""bg ""><span class=""rank "">30</span></div></div></div>",Europe,,"<div class=""td-wrap""><div class=""td-wrap-in""><a href=""/universities/queen-mary-university-london"">Queen Mary University of London</a></div></div>"
"<div class=""td-wrap""><div class=""td-wrap-in"">76.6</div></div>",32,"<div class=""td-wrap""><div class=""td-wrap-in""><div class=""bg ""><span class=""rank "">=32</span></div></div></div>","<div class=""td-wrap""><div class=""td-wrap-in"">66.3</div></div>",39,"<div class=""td-wrap""><div class=""td-wrap-in""><div class=""bg ""><span class=""rank "">39</span></div></div></div>",United States,"<div class=""td-wrap""><div class=""td-wrap-in"">75.6</div></div>",31,"<div class=""td-wrap""><div class=""td-wrap-in""><div class=""bg ""><span class=""rank "">31</span></div></div></div>",North America,,"<div class=""td-wrap""><div class=""td-wrap-in""><a href=""/universities/columbia-university"">Columbia University</a></div></div>"
"<div class=""td-wrap""><div class=""td-wrap-in"">76.1</div></div>",35,"<div class=""td-wrap""><div class=""td-wrap-in""><div class=""bg ""><span class=""rank "">35</span></div></div></div>","<div class=""td-wrap""><div class=""td-wrap-in"">60.4</div></div>",54,"<div class=""td-wrap""><div class=""td-wrap-in""><div class=""bg ""><span class=""rank "">54</span></div></div></div>",United States,"<div class=""td-wrap""><div class=""td-wrap-in"">74.5</div></div>",32,"<div class=""td-wrap""><div class=""td-wrap-in""><div class=""bg ""><span class=""rank "">32</span></div></div></div>",North America,,"<div class=""td-wrap""><div class=""td-wrap-in""><a href=""/universities/princeton-university"">Princeton University</a></div></div>"
"<div class=""td-wrap""><div class=""td-wrap-in"">74.8</div></div>",37,"<div class=""td-wrap""><div class=""td-wrap-in""><div class=""bg ""><span class=""rank "">37</span></div></div></div>","<div class=""td-wrap""><div class=""td-wrap-in"">65.3</div></div>",42,"<div class=""td-wrap""><div class=""td-wrap-in""><div class=""bg ""><span class=""rank "">42</span></div></div></div>",Australia,"<div class=""td-wrap""><div class=""td-wrap-in"">73.9</div></div>",33,"<div class=""td-wrap""><div class=""td-wrap-in""><div class=""bg ""><span class=""rank "">33</span></div></div></div>",Oceania,,"<div class=""td-wrap""><div class=""td-wrap-in""><a href=""/universities/university-western-australia"">The University of Western Australia</a></div></div>"
"<div class=""td-wrap""><div class=""td-wrap-in"">78.2</div></div>",28,"<div class=""td-wrap""><div class=""td-wrap-in""><div class=""bg ""><span class=""rank "">28</span></div></div></div>","<div class=""td-wrap""><div class=""td-wrap-in"">34.3</div></div>",84,"<div class=""td-wrap""><div class=""td-wrap-in""><div class=""bg ""><span class=""rank "">=82</span></div></div></div>",France,"<div class=""td-wrap""><div class=""td-wrap-in"">73.8</div></div>",34,"<div class=""td-wrap""><div class=""td-wrap-in""><div class=""bg ""><span class=""rank "">34</span></div></div></div>",Europe,,"<div class=""td-wrap""><div class=""td-wrap-in""><a href=""/universities/conservatoire-national-superieur-de-musique-et-de-danse-de-lyon"">Conservatoire national supérieur de musique et de danse de Lyon</a></div></div>"
"<div class=""td-wrap""><div class=""td-wrap-in"">71.4</div></div>",59,"<div class=""td-wrap""><div class=""td-wrap-in""><div class=""bg ""><span class=""rank "">59</span></div></div></div>","<div class=""td-wrap""><div class=""td-wrap-in"">92.3</div></div>",5,"<div class=""td-wrap""><div class=""td-wrap-in""><div class=""bg ""><span class=""rank "">5</span></div></div></div>",Hong Kong SAR,"<div class=""td-wrap""><div class=""td-wrap-in"">73.5</div></div>",35,"<div class=""td-wrap""><div class=""td-wrap-in""><div class=""bg ""><span class=""rank "">35</span></div></div></div>",Asia,,"<div class=""td-wrap""><div class=""td-wrap-in""><a href=""/universities/hong-kong-academy-performing-arts"">Hong Kong Academy for Performing Arts</a></div></div>"
"<div class=""td-wrap""><div class=""td-wrap-in"">71.8</div></div>",56,"<div class=""td-wrap""><div class=""td-wrap-in""><div class=""bg ""><span class=""rank "">56</span></div></div></div>","<div class=""td-wrap""><div class=""td-wrap-in"">88</div></div>",6,"<div class=""td-wrap""><div class=""td-wrap-in""><div class=""bg ""><span class=""rank "">6</span></div></div></div>",United States,"<div class=""td-wrap""><div class=""td-wrap-in"">73.4</div></div>",36,"<div class=""td-wrap""><div class=""td-wrap-in""><div class=""bg ""><span class=""rank ""><span class=""sign"">=</span>36</span></div></div></div>",North America,,"<div class=""td-wrap""><div class=""td-wrap-in""><a href=""/universities/massachusetts-institute-technology-mit"">Massachusetts Institute of Technology (MIT)</a></div></div>"
"<div class=""td-wrap""><div class=""td-wrap-in"">75.9</div></div>",36,"<div class=""td-wrap""><div class=""td-wrap-in""><div class=""bg ""><span class=""rank "">36</span></div></div></div>","<div class=""td-wrap""><div class=""td-wrap-in"">50.5</div></div>",70,"<div class=""td-wrap""><div class=""td-wrap-in""><div class=""bg ""><span class=""rank "">70</span></div></div></div>",United States,"<div class=""td-wrap""><div class=""td-wrap-in"">73.4</div></div>",37,"<div class=""td-wrap""><div class=""td-wrap-in""><div class=""bg ""><span class=""rank ""><span class=""sign"">=</span>36</span></div></div></div>",North America,,"<div class=""td-wrap""><div class=""td-wrap-in""><a href=""/universities/university-illinois-urbana-champaign"">University of Illinois at Urbana-Champaign</a></div></div>"
"<div class=""td-wrap""><div class=""td-wrap-in"">73.6</div></div>",45,"<div class=""td-wrap""><div class=""td-wrap-in""><div class=""bg ""><span class=""rank "">=44</span></div></div></div>","<div class=""td-wrap""><div class=""td-wrap-in"">69.4</div></div>",34,"<div class=""td-wrap""><div class=""td-wrap-in""><div class=""bg ""><span class=""rank "">34</span></div></div></div>",United Kingdom,"<div class=""td-wrap""><div class=""td-wrap-in"">73.2</div></div>",38,"<div class=""td-wrap""><div class=""td-wrap-in""><div class=""bg ""><span class=""rank ""><span class=""sign"">=</span>38</span></div></div></div>",Europe,,"<div class=""td-wrap""><div class=""td-wrap-in""><a href=""/universities/university-manchester"">The University of Manchester</a></div></div>"
"<div class=""td-wrap""><div class=""td-wrap-in"">73.6</div></div>",46,"<div class=""td-wrap""><div class=""td-wrap-in""><div class=""bg ""><span class=""rank "">=44</span></div></div></div>","<div class=""td-wrap""><div class=""td-wrap-in"">70</div></div>",33,"<div class=""td-wrap""><div class=""td-wrap-in""><div class=""bg ""><span class=""rank "">=32</span></div></div></div>",Japan,"<div class=""td-wrap""><div class=""td-wrap-in"">73.2</div></div>",39,"<div class=""td-wrap""><div class=""td-wrap-in""><div class=""bg ""><span class=""rank ""><span class=""sign"">=</span>38</span></div></div></div>",Asia,,"<div class=""td-wrap""><div class=""td-wrap-in""><a href=""/universities/university-tokyo"">The University of Tokyo</a></div></div>"
"<div class=""td-wrap""><div class=""td-wrap-in"">74.2</div></div>",40,"<div class=""td-wrap""><div class=""td-wrap-in""><div class=""bg ""><span class=""rank "">=38</span></div></div></div>","<div class=""td-wrap""><div class=""td-wrap-in"">60.1</div></div>",56,"<div class=""td-wrap""><div class=""td-wrap-in""><div class=""bg ""><span class=""rank "">56</span></div></div></div>",United Kingdom,"<div class=""td-wrap""><div class=""td-wrap-in"">72.8</div></div>",40,"<div class=""td-wrap""><div class=""td-wrap-in""><div class=""bg ""><span class=""rank "">40</span></div></div></div>",Europe,,"<div class=""td-wrap""><div class=""td-wrap-in""><a href=""/universities/university-glasgow"">University of Glasgow</a></div></div>"
"<div class=""td-wrap""><div class=""td-wrap-in"">77.1</div></div>",30,"<div class=""td-wrap""><div class=""td-wrap-in""><div class=""bg ""><span class=""rank "">30</span></div></div></div>","<div class=""td-wrap""><div class=""td-wrap-in"">32.6</div></div>",96,"<div class=""td-wrap""><div class=""td-wrap-in""><div class=""bg ""><span class=""rank "">96</span></div></div></div>",Russia,"<div class=""td-wrap""><div class=""td-wrap-in"">72.7</div></div>",41,"<div class=""td-wrap""><div class=""td-wrap-in""><div class=""bg ""><span class=""rank "">41</span></div></div></div>",Europe,,"<div class=""td-wrap""><div class=""td-wrap-in""><a href=""/universities/moscow-state-conservatory-p-i-tchaikovsky"">Moscow State Conservatory P. I. Tchaikovsky</a></div></div>"
"<div class=""td-wrap""><div class=""td-wrap-in"">73.9</div></div>",41,"<div class=""td-wrap""><div class=""td-wrap-in""><div class=""bg ""><span class=""rank "">41</span></div></div></div>","<div class=""td-wrap""><div class=""td-wrap-in"">61.1</div></div>",52,"<div class=""td-wrap""><div class=""td-wrap-in""><div class=""bg ""><span class=""rank "">=51</span></div></div></div>",United States,"<div class=""td-wrap""><div class=""td-wrap-in"">72.6</div></div>",42,"<div class=""td-wrap""><div class=""td-wrap-in""><div class=""bg ""><span class=""rank "">42</span></div></div></div>",North America,,"<div class=""td-wrap""><div class=""td-wrap-in""><a href=""/universities/university-chicago"">University of Chicago</a></div></div>"
"<div class=""td-wrap""><div class=""td-wrap-in"">73.7</div></div>",43,"<div class=""td-wrap""><div class=""td-wrap-in""><div class=""bg ""><span class=""rank "">=42</span></div></div></div>","<div class=""td-wrap""><div class=""td-wrap-in"">62.1</div></div>",48,"<div class=""td-wrap""><div class=""td-wrap-in""><div class=""bg ""><span class=""rank "">=48</span></div></div></div>",Singapore,"<div class=""td-wrap""><div class=""td-wrap-in"">72.5</div></div>",43,"<div class=""td-wrap""><div class=""td-wrap-in""><div class=""bg ""><span class=""rank "">43</span></div></div></div>",Asia,,"<div class=""td-wrap""><div class=""td-wrap-in""><a href=""/universities/national-university-singapore-nus"">National University of Singapore (NUS)</a></div></div>"
"<div class=""td-wrap""><div class=""td-wrap-in"">76.6</div></div>",33,"<div class=""td-wrap""><div class=""td-wrap-in""><div class=""bg ""><span class=""rank "">=32</span></div></div></div>","<div class=""td-wrap""><div class=""td-wrap-in"">34.3</div></div>",87,"<div class=""td-wrap""><div class=""td-wrap-in""><div class=""bg ""><span class=""rank "">=82</span></div></div></div>",Germany,"<div class=""td-wrap""><div class=""td-wrap-in"">72.4</div></div>",44,"<div class=""td-wrap""><div class=""td-wrap-in""><div class=""bg ""><span class=""rank ""><span class=""sign"">=</span>44</span></div></div></div>",Europe,,"<div class=""td-wrap""><div class=""td-wrap-in""><a href=""/universities/hochschule-fur-musik-und-theater-munchen"">Hochschule für Musik und Theater München</a></div></div>"
"<div class=""td-wrap""><div class=""td-wrap-in"">73.4</div></div>",48,"<div class=""td-wrap""><div class=""td-wrap-in""><div class=""bg ""><span class=""rank "">48</span></div></div></div>","<div class=""td-wrap""><div class=""td-wrap-in"">63.5</div></div>",47,"<div class=""td-wrap""><div class=""td-wrap-in""><div class=""bg ""><span class=""rank "">=46</span></div></div></div>",Hong Kong SAR,"<div class=""td-wrap""><div class=""td-wrap-in"">72.4</div></div>",45,"<div class=""td-wrap""><div class=""td-wrap-in""><div class=""bg ""><span class=""rank ""><span class=""sign"">=</span>44</span></div></div></div>",Asia,,"<div class=""td-wrap""><div class=""td-wrap-in""><a href=""/universities/university-hong-kong"">The University of Hong Kong</a></div></div>"
"<div class=""td-wrap""><div class=""td-wrap-in"">74.2</div></div>",38,"<div class=""td-wrap""><div class=""td-wrap-in""><div class=""bg ""><span class=""rank "">=38</span></div></div></div>","<div class=""td-wrap""><div class=""td-wrap-in"">54.6</div></div>",64,"<div class=""td-wrap""><div class=""td-wrap-in""><div class=""bg ""><span class=""rank "">64</span></div></div></div>",Australia,"<div class=""td-wrap""><div class=""td-wrap-in"">72.2</div></div>",46,"<div class=""td-wrap""><div class=""td-wrap-in""><div class=""bg ""><span class=""rank "">46</span></div></div></div>",Oceania,,"<div class=""td-wrap""><div class=""td-wrap-in""><a href=""/universities/griffith-university"">Griffith University</a></div></div>"
"<div class=""td-wrap""><div class=""td-wrap-in"">73.6</div></div>",44,"<div class=""td-wrap""><div class=""td-wrap-in""><div class=""bg ""><span class=""rank "">=44</span></div></div></div>","<div class=""td-wrap""><div class=""td-wrap-in"">58.7</div></div>",58,"<div class=""td-wrap""><div class=""td-wrap-in""><div class=""bg ""><span class=""rank "">58</span></div></div></div>",United States,"<div class=""td-wrap""><div class=""td-wrap-in"">72.1</div></div>",47,"<div class=""td-wrap""><div class=""td-wrap-in""><div class=""bg ""><span class=""rank "">47</span></div></div></div>",North America,,"<div class=""td-wrap""><div class=""td-wrap-in""><a href=""/universities/city-university-new-york"">City University of New York</a></div></div>"
"<div class=""td-wrap""><div class=""td-wrap-in"">71.6</div></div>",57,"<div class=""td-wrap""><div class=""td-wrap-in""><div class=""bg ""><span class=""rank "">=57</span></div></div></div>","<div class=""td-wrap""><div class=""td-wrap-in"">75.2</div></div>",28,"<div class=""td-wrap""><div class=""td-wrap-in""><div class=""bg ""><span class=""rank "">28</span></div></div></div>",Canada,"<div class=""td-wrap""><div class=""td-wrap-in"">72</div></div>",48,"<div class=""td-wrap""><div class=""td-wrap-in""><div class=""bg ""><span class=""rank "">48</span></div></div></div>",North America,,"<div class=""td-wrap""><div class=""td-wrap-in""><a href=""/universities/mcgill-university"">McGill University</a></div></div>"
"<div class=""td-wrap""><div class=""td-wrap-in"">73.2</div></div>",49,"<div class=""td-wrap""><div class=""td-wrap-in""><div class=""bg ""><span class=""rank "">=49</span></div></div></div>","<div class=""td-wrap""><div class=""td-wrap-in"">60.2</div></div>",55,"<div class=""td-wrap""><div class=""td-wrap-in""><div class=""bg ""><span class=""rank "">55</span></div></div></div>",Netherlands,"<div class=""td-wrap""><div class=""td-wrap-in"">71.9</div></div>",49,"<div class=""td-wrap""><div class=""td-wrap-in""><div class=""bg ""><span class=""rank "">49</span></div></div></div>",Europe,,"<div class=""td-wrap""><div class=""td-wrap-in""><a href=""/universities/university-amsterdam"">University of Amsterdam</a></div></div>"
"<div class=""td-wrap""><div class=""td-wrap-in"">73.2</div></div>",50,"<div class=""td-wrap""><div class=""td-wrap-in""><div class=""bg ""><span class=""rank "">=49</span></div></div></div>","<div class=""td-wrap""><div class=""td-wrap-in"">57.9</div></div>",60,"<div class=""td-wrap""><div class=""td-wrap-in""><div class=""bg ""><span class=""rank "">60</span></div></div></div>",United Kingdom,"<div class=""td-wrap""><div class=""td-wrap-in"">71.7</div></div>",50,"<div class=""td-wrap""><div class=""td-wrap-in""><div class=""bg ""><span class=""rank "">50</span></div></div></div>",Europe,,"<div class=""td-wrap""><div class=""td-wrap-in""><a href=""/universities/university-southampton"">University of Southampton</a></div></div>"
"<div class=""td-wrap""><div class=""td-wrap-in"">61</div></div>",100,"<div class=""td-wrap""><div class=""td-wrap-in""><div class=""bg ""><span class=""rank "">100</span></div></div></div>","<div class=""td-wrap""><div class=""td-wrap-in"">85.9</div></div>",7,"<div class=""td-wrap""><div class=""td-wrap-in""><div class=""bg ""><span class=""rank "">=7</span></div></div></div>",Australia,"<div class=""td-wrap""><div class=""td-wrap-in""></div></div>",51,"<div class=""td-wrap""><div class=""td-wrap-in""><div class=""bg nobg""><span class=""rank large"">51-100</span></div></div></div>",Oceania,,"<div class=""td-wrap""><div class=""td-wrap-in""><a href=""/universities/australian-national-university"">The Australian National University</a></div></div>"
"<div class=""td-wrap""><div class=""td-wrap-in"">66.7</div></div>",81,"<div class=""td-wrap""><div class=""td-wrap-in""><div class=""bg ""><span class=""rank "">81</span></div></div></div>","<div class=""td-wrap""><div class=""td-wrap-in"">54.8</div></div>",63,"<div class=""td-wrap""><div class=""td-wrap-in""><div class=""bg ""><span class=""rank "">63</span></div></div></div>",United States,"<div class=""td-wrap""><div class=""td-wrap-in""></div></div>",52,"<div class=""td-wrap""><div class=""td-wrap-in""><div class=""bg nobg""><span class=""rank large"">51-100</span></div></div></div>",North America,,"<div class=""td-wrap""><div class=""td-wrap-in""><a href=""/universities/boston-university"">Boston University</a></div></div>"
"<div class=""td-wrap""><div class=""td-wrap-in"">68.5</div></div>",68,"<div class=""td-wrap""><div class=""td-wrap-in""><div class=""bg ""><span class=""rank "">68</span></div></div></div>","<div class=""td-wrap""><div class=""td-wrap-in"">64.3</div></div>",43,"<div class=""td-wrap""><div class=""td-wrap-in""><div class=""bg ""><span class=""rank "">43</span></div></div></div>",United States,"<div class=""td-wrap""><div class=""td-wrap-in""></div></div>",53,"<div class=""td-wrap""><div class=""td-wrap-in""><div class=""bg nobg""><span class=""rank large"">51-100</span></div></div></div>",North America,,"<div class=""td-wrap""><div class=""td-wrap-in""><a href=""/universities/carnegie-mellon-university"">Carnegie Mellon University</a></div></div>"
"<div class=""td-wrap""><div class=""td-wrap-in"">73.7</div></div>",42,"<div class=""td-wrap""><div class=""td-wrap-in""><div class=""bg ""><span class=""rank "">=42</span></div></div></div>","<div class=""td-wrap""><div class=""td-wrap-in"">34.3</div></div>",82,"<div class=""td-wrap""><div class=""td-wrap-in""><div class=""bg ""><span class=""rank "">=82</span></div></div></div>",Switzerland,"<div class=""td-wrap""><div class=""td-wrap-in""></div></div>",54,"<div class=""td-wrap""><div class=""td-wrap-in""><div class=""bg nobg""><span class=""rank large"">51-100</span></div></div></div>",Europe,,"<div class=""td-wrap""><div class=""td-wrap-in""><a href=""/universities/conservatoire-de-musique-de-geneve"">Conservatoire de Musique de Genève</a></div></div>"
"<div class=""td-wrap""><div class=""td-wrap-in"">67.3</div></div>",74,"<div class=""td-wrap""><div class=""td-wrap-in""><div class=""bg ""><span class=""rank "">=74</span></div></div></div>","<div class=""td-wrap""><div class=""td-wrap-in"">34.3</div></div>",83,"<div class=""td-wrap""><div class=""td-wrap-in""><div class=""bg ""><span class=""rank "">=82</span></div></div></div>",France,"<div class=""td-wrap""><div class=""td-wrap-in""></div></div>",55,"<div class=""td-wrap""><div class=""td-wrap-in""><div class=""bg nobg""><span class=""rank large"">51-100</span></div></div></div>",Europe,,"<div class=""td-wrap""><div class=""td-wrap-in""><a href=""/universities/conservatoire-national-superieur-dart-dramatique-de-paris-cnsad"">Conservatoire national supérieur d’art dramatique de Paris (CNSAD)</a></div></div>"
"<div class=""td-wrap""><div class=""td-wrap-in"">65.2</div></div>",89,"<div class=""td-wrap""><div class=""td-wrap-in""><div class=""bg ""><span class=""rank "">=89</span></div></div></div>","<div class=""td-wrap""><div class=""td-wrap-in"">45.4</div></div>",74,"<div class=""td-wrap""><div class=""td-wrap-in""><div class=""bg ""><span class=""rank "">74</span></div></div></div>",United States,"<div class=""td-wrap""><div class=""td-wrap-in""></div></div>",56,"<div class=""td-wrap""><div class=""td-wrap-in""><div class=""bg nobg""><span class=""rank large"">51-100</span></div></div></div>",North America,,"<div class=""td-wrap""><div class=""td-wrap-in""><a href=""/universities/florida-state-university"">Florida State University</a></div></div>"
"<div class=""td-wrap""><div class=""td-wrap-in"">74.2</div></div>",39,"<div class=""td-wrap""><div class=""td-wrap-in""><div class=""bg ""><span class=""rank "">=38</span></div></div></div>","<div class=""td-wrap""><div class=""td-wrap-in"">34.3</div></div>",86,"<div class=""td-wrap""><div class=""td-wrap-in""><div class=""bg ""><span class=""rank "">=82</span></div></div></div>",Germany,"<div class=""td-wrap""><div class=""td-wrap-in""></div></div>",57,"<div class=""td-wrap""><div class=""td-wrap-in""><div class=""bg nobg""><span class=""rank large"">51-100</span></div></div></div>",Europe,,"<div class=""td-wrap""><div class=""td-wrap-in""><a href=""/universities/hochschule-fur-musik-und-tanz-koln"">Hochschule für Musik und Tanz Köln</a></div></div>"
"<div class=""td-wrap""><div class=""td-wrap-in"">66.8</div></div>",80,"<div class=""td-wrap""><div class=""td-wrap-in""><div class=""bg ""><span class=""rank "">80</span></div></div></div>","<div class=""td-wrap""><div class=""td-wrap-in"">34.3</div></div>",88,"<div class=""td-wrap""><div class=""td-wrap-in""><div class=""bg ""><span class=""rank "">=82</span></div></div></div>",Germany,"<div class=""td-wrap""><div class=""td-wrap-in""></div></div>",58,"<div class=""td-wrap""><div class=""td-wrap-in""><div class=""bg nobg""><span class=""rank large"">51-100</span></div></div></div>",Europe,,"<div class=""td-wrap""><div class=""td-wrap-in""><a href=""/universities/hochschule-fur-musik-theater-und-medien-hannover"">Hochschule für Musik, Theater und Medien Hannover</a></div></div>"
"<div class=""td-wrap""><div class=""td-wrap-in"">73.5</div></div>",47,"<div class=""td-wrap""><div class=""td-wrap-in""><div class=""bg ""><span class=""rank "">47</span></div></div></div>","<div class=""td-wrap""><div class=""td-wrap-in"">34.3</div></div>",89,"<div class=""td-wrap""><div class=""td-wrap-in""><div class=""bg ""><span class=""rank "">=82</span></div></div></div>",Germany,"<div class=""td-wrap""><div class=""td-wrap-in""></div></div>",59,"<div class=""td-wrap""><div class=""td-wrap-in""><div class=""bg nobg""><span class=""rank large"">51-100</span></div></div></div>",Europe,,"<div class=""td-wrap""><div class=""td-wrap-in""><a href=""/universities/hochschule-fur-musik-hanns-eisler-berlin"">Hochschule für Musik Hanns Eisler Berlin</a></div></div>"
"<div class=""td-wrap""><div class=""td-wrap-in"">72.5</div></div>",52,"<div class=""td-wrap""><div class=""td-wrap-in""><div class=""bg ""><span class=""rank "">52</span></div></div></div>","<div class=""td-wrap""><div class=""td-wrap-in"">34.3</div></div>",90,"<div class=""td-wrap""><div class=""td-wrap-in""><div class=""bg ""><span class=""rank "">=82</span></div></div></div>",Germany,"<div class=""td-wrap""><div class=""td-wrap-in""></div></div>",60,"<div class=""td-wrap""><div class=""td-wrap-in""><div class=""bg nobg""><span class=""rank large"">51-100</span></div></div></div>",Europe,,"<div class=""td-wrap""><div class=""td-wrap-in""><a href=""/universities/hochschule-fur-musik-und-theater-hamburg"">Hochschule für Musik und Theater Hamburg</a></div></div>"
"<div class=""td-wrap""><div class=""td-wrap-in"">66.2</div></div>",83,"<div class=""td-wrap""><div class=""td-wrap-in""><div class=""bg ""><span class=""rank "">83</span></div></div></div>","<div class=""td-wrap""><div class=""td-wrap-in"">30.3</div></div>",98,"<div class=""td-wrap""><div class=""td-wrap-in""><div class=""bg ""><span class=""rank "">=98</span></div></div></div>",Indonesia,"<div class=""td-wrap""><div class=""td-wrap-in""></div></div>",61,"<div class=""td-wrap""><div class=""td-wrap-in""><div class=""bg nobg""><span class=""rank large"">51-100</span></div></div></div>",Asia,,"<div class=""td-wrap""><div class=""td-wrap-in""><a href=""/universities/indonesia-institute-arts-surakarta"">Indonesia Institute of the Arts Surakarta</a></div></div>"
"<div class=""td-wrap""><div class=""td-wrap-in"">67.3</div></div>",75,"<div class=""td-wrap""><div class=""td-wrap-in""><div class=""bg ""><span class=""rank "">=74</span></div></div></div>","<div class=""td-wrap""><div class=""td-wrap-in"">34.6</div></div>",79,"<div class=""td-wrap""><div class=""td-wrap-in""><div class=""bg ""><span class=""rank "">=79</span></div></div></div>",Indonesia,"<div class=""td-wrap""><div class=""td-wrap-in""></div></div>",62,"<div class=""td-wrap""><div class=""td-wrap-in""><div class=""bg nobg""><span class=""rank large"">51-100</span></div></div></div>",Asia,,"<div class=""td-wrap""><div class=""td-wrap-in""><a href=""/universities/indonesian-institute-arts-denpasar"">Indonesian Institute of Arts Denpasar</a></div></div>"
"<div class=""td-wrap""><div class=""td-wrap-in"">62.8</div></div>",96,"<div class=""td-wrap""><div class=""td-wrap-in""><div class=""bg ""><span class=""rank "">96</span></div></div></div>","<div class=""td-wrap""><div class=""td-wrap-in"">63.9</div></div>",45,"<div class=""td-wrap""><div class=""td-wrap-in""><div class=""bg ""><span class=""rank "">45</span></div></div></div>",United States,"<div class=""td-wrap""><div class=""td-wrap-in""></div></div>",63,"<div class=""td-wrap""><div class=""td-wrap-in""><div class=""bg nobg""><span class=""rank large"">51-100</span></div></div></div>",North America,,"<div class=""td-wrap""><div class=""td-wrap-in""><a href=""/universities/johns-hopkins-university"">Johns Hopkins University</a></div></div>"
"<div class=""td-wrap""><div class=""td-wrap-in"">72.3</div></div>",53,"<div class=""td-wrap""><div class=""td-wrap-in""><div class=""bg ""><span class=""rank "">=53</span></div></div></div>","<div class=""td-wrap""><div class=""td-wrap-in"">34</div></div>",95,"<div class=""td-wrap""><div class=""td-wrap-in""><div class=""bg ""><span class=""rank "">95</span></div></div></div>",South Korea,"<div class=""td-wrap""><div class=""td-wrap-in""></div></div>",64,"<div class=""td-wrap""><div class=""td-wrap-in""><div class=""bg nobg""><span class=""rank large"">51-100</span></div></div></div>",Asia,,"<div class=""td-wrap""><div class=""td-wrap-in""><a href=""/universities/korea-national-university-arts"">Korea National University of Arts</a></div></div>"
"<div class=""td-wrap""><div class=""td-wrap-in"">64.5</div></div>",92,"<div class=""td-wrap""><div class=""td-wrap-in""><div class=""bg ""><span class=""rank "">92</span></div></div></div>","<div class=""td-wrap""><div class=""td-wrap-in"">45.5</div></div>",73,"<div class=""td-wrap""><div class=""td-wrap-in""><div class=""bg ""><span class=""rank "">73</span></div></div></div>",Germany,"<div class=""td-wrap""><div class=""td-wrap-in""></div></div>",65,"<div class=""td-wrap""><div class=""td-wrap-in""><div class=""bg nobg""><span class=""rank large"">51-100</span></div></div></div>",Europe,,"<div class=""td-wrap""><div class=""td-wrap-in""><a href=""/universities/ludwig-maximilians-universitat-munchen"">Ludwig-Maximilians-Universität München</a></div></div>"
"<div class=""td-wrap""><div class=""td-wrap-in"">67</div></div>",79,"<div class=""td-wrap""><div class=""td-wrap-in""><div class=""bg ""><span class=""rank "">79</span></div></div></div>","<div class=""td-wrap""><div class=""td-wrap-in"">57.4</div></div>",61,"<div class=""td-wrap""><div class=""td-wrap-in""><div class=""bg ""><span class=""rank "">61</span></div></div></div>",United States,"<div class=""td-wrap""><div class=""td-wrap-in""></div></div>",66,"<div class=""td-wrap""><div class=""td-wrap-in""><div class=""bg nobg""><span class=""rank large"">51-100</span></div></div></div>",North America,,"<div class=""td-wrap""><div class=""td-wrap-in""><a href=""/universities/michigan-state-university"">Michigan State University</a></div></div>"
"<div class=""td-wrap""><div class=""td-wrap-in"">66.6</div></div>",82,"<div class=""td-wrap""><div class=""td-wrap-in""><div class=""bg ""><span class=""rank "">82</span></div></div></div>","<div class=""td-wrap""><div class=""td-wrap-in"">76.4</div></div>",25,"<div class=""td-wrap""><div class=""td-wrap-in""><div class=""bg ""><span class=""rank "">25</span></div></div></div>",Australia,"<div class=""td-wrap""><div class=""td-wrap-in""></div></div>",67,"<div class=""td-wrap""><div class=""td-wrap-in""><div class=""bg nobg""><span class=""rank large"">51-100</span></div></div></div>",Oceania,,"<div class=""td-wrap""><div class=""td-wrap-in""><a href=""/universities/monash-university"">Monash University</a></div></div>"
"<div class=""td-wrap""><div class=""td-wrap-in"">65.6</div></div>",86,"<div class=""td-wrap""><div class=""td-wrap-in""><div class=""bg ""><span class=""rank "">=86</span></div></div></div>","<div class=""td-wrap""><div class=""td-wrap-in"">34.3</div></div>",91,"<div class=""td-wrap""><div class=""td-wrap-in""><div class=""bg ""><span class=""rank "">=82</span></div></div></div>",Norway,"<div class=""td-wrap""><div class=""td-wrap-in""></div></div>",68,"<div class=""td-wrap""><div class=""td-wrap-in""><div class=""bg nobg""><span class=""rank large"">51-100</span></div></div></div>",Europe,,"<div class=""td-wrap""><div class=""td-wrap-in""><a href=""/universities/norwegian-academy-music"">Norwegian Academy of Music</a></div></div>"
"<div class=""td-wrap""><div class=""td-wrap-in"">69.9</div></div>",62,"<div class=""td-wrap""><div class=""td-wrap-in""><div class=""bg ""><span class=""rank "">62</span></div></div></div>","<div class=""td-wrap""><div class=""td-wrap-in"">63.5</div></div>",46,"<div class=""td-wrap""><div class=""td-wrap-in""><div class=""bg ""><span class=""rank "">=46</span></div></div></div>",Japan,"<div class=""td-wrap""><div class=""td-wrap-in""></div></div>",69,"<div class=""td-wrap""><div class=""td-wrap-in""><div class=""bg nobg""><span class=""rank large"">51-100</span></div></div></div>",Asia,,"<div class=""td-wrap""><div class=""td-wrap-in""><a href=""/universities/osaka-university"">Osaka University</a></div></div>"
"<div class=""td-wrap""><div class=""td-wrap-in"">71.2</div></div>",60,"<div class=""td-wrap""><div class=""td-wrap-in""><div class=""bg ""><span class=""rank "">60</span></div></div></div>","<div class=""td-wrap""><div class=""td-wrap-in"">34.3</div></div>",92,"<div class=""td-wrap""><div class=""td-wrap-in""><div class=""bg ""><span class=""rank "">=82</span></div></div></div>",United States,"<div class=""td-wrap""><div class=""td-wrap-in""></div></div>",70,"<div class=""td-wrap""><div class=""td-wrap-in""><div class=""bg nobg""><span class=""rank large"">51-100</span></div></div></div>",North America,,"<div class=""td-wrap""><div class=""td-wrap-in""><a href=""/universities/purchase-college-suny"">Purchase College SUNY</a></div></div>"
"<div class=""td-wrap""><div class=""td-wrap-in"">65.5</div></div>",88,"<div class=""td-wrap""><div class=""td-wrap-in""><div class=""bg ""><span class=""rank "">88</span></div></div></div>","<div class=""td-wrap""><div class=""td-wrap-in"">52.7</div></div>",67,"<div class=""td-wrap""><div class=""td-wrap-in""><div class=""bg ""><span class=""rank "">67</span></div></div></div>",United Kingdom,"<div class=""td-wrap""><div class=""td-wrap-in""></div></div>",71,"<div class=""td-wrap""><div class=""td-wrap-in""><div class=""bg nobg""><span class=""rank large"">51-100</span></div></div></div>",Europe,,"<div class=""td-wrap""><div class=""td-wrap-in""><a href=""/universities/queens-university-belfast"">Queen&#039;s University Belfast</a></div></div>"
"<div class=""td-wrap""><div class=""td-wrap-in"">72.3</div></div>",54,"<div class=""td-wrap""><div class=""td-wrap-in""><div class=""bg ""><span class=""rank "">=53</span></div></div></div>","<div class=""td-wrap""><div class=""td-wrap-in"">61.1</div></div>",51,"<div class=""td-wrap""><div class=""td-wrap-in""><div class=""bg ""><span class=""rank "">=51</span></div></div></div>",Australia,"<div class=""td-wrap""><div class=""td-wrap-in""></div></div>",72,"<div class=""td-wrap""><div class=""td-wrap-in""><div class=""bg nobg""><span class=""rank large"">51-100</span></div></div></div>",Oceania,,"<div class=""td-wrap""><div class=""td-wrap-in""><a href=""/universities/queensland-university-technology-qut"">Queensland University of Technology (QUT)</a></div></div>"
"<div class=""td-wrap""><div class=""td-wrap-in"">65.9</div></div>",85,"<div class=""td-wrap""><div class=""td-wrap-in""><div class=""bg ""><span class=""rank "">85</span></div></div></div>","<div class=""td-wrap""><div class=""td-wrap-in"">34.6</div></div>",80,"<div class=""td-wrap""><div class=""td-wrap-in""><div class=""bg ""><span class=""rank "">=79</span></div></div></div>",Denmark,"<div class=""td-wrap""><div class=""td-wrap-in""></div></div>",73,"<div class=""td-wrap""><div class=""td-wrap-in""><div class=""bg nobg""><span class=""rank large"">51-100</span></div></div></div>",Europe,,"<div class=""td-wrap""><div class=""td-wrap-in""><a href=""/universities/royal-academy-music-aarhus"">Royal Academy of Music, Aarhus</a></div></div>"
"<div class=""td-wrap""><div class=""td-wrap-in"">62.2</div></div>",99,"<div class=""td-wrap""><div class=""td-wrap-in""><div class=""bg ""><span class=""rank "">99</span></div></div></div>","<div class=""td-wrap""><div class=""td-wrap-in"">74.8</div></div>",29,"<div class=""td-wrap""><div class=""td-wrap-in""><div class=""bg ""><span class=""rank "">29</span></div></div></div>",South Korea,"<div class=""td-wrap""><div class=""td-wrap-in""></div></div>",74,"<div class=""td-wrap""><div class=""td-wrap-in""><div class=""bg nobg""><span class=""rank large"">51-100</span></div></div></div>",Asia,,"<div class=""td-wrap""><div class=""td-wrap-in""><a href=""/universities/sejong-university"">Sejong University</a></div></div>"
"<div class=""td-wrap""><div class=""td-wrap-in"">65.6</div></div>",87,"<div class=""td-wrap""><div class=""td-wrap-in""><div class=""bg ""><span class=""rank "">=86</span></div></div></div>","<div class=""td-wrap""><div class=""td-wrap-in"">82.4</div></div>",10,"<div class=""td-wrap""><div class=""td-wrap-in""><div class=""bg ""><span class=""rank "">10</span></div></div></div>",South Korea,"<div class=""td-wrap""><div class=""td-wrap-in""></div></div>",75,"<div class=""td-wrap""><div class=""td-wrap-in""><div class=""bg nobg""><span class=""rank large"">51-100</span></div></div></div>",Asia,,"<div class=""td-wrap""><div class=""td-wrap-in""><a href=""/universities/seoul-national-university"">Seoul National University</a></div></div>"
"<div class=""td-wrap""><div class=""td-wrap-in"">64.3</div></div>",93,"<div class=""td-wrap""><div class=""td-wrap-in""><div class=""bg ""><span class=""rank "">93</span></div></div></div>","<div class=""td-wrap""><div class=""td-wrap-in"">79.1</div></div>",20,"<div class=""td-wrap""><div class=""td-wrap-in""><div class=""bg ""><span class=""rank "">20</span></div></div></div>",South Korea,"<div class=""td-wrap""><div class=""td-wrap-in""></div></div>",76,"<div class=""td-wrap""><div class=""td-wrap-in""><div class=""bg nobg""><span class=""rank large"">51-100</span></div></div></div>",Asia,,"<div class=""td-wrap""><div class=""td-wrap-in""><a href=""/universities/sungkyunkwan-universityskku"">Sungkyunkwan University(SKKU)</a></div></div>"
"<div class=""td-wrap""><div class=""td-wrap-in"">69.2</div></div>",64,"<div class=""td-wrap""><div class=""td-wrap-in""><div class=""bg ""><span class=""rank "">64</span></div></div></div>","<div class=""td-wrap""><div class=""td-wrap-in"">50.3</div></div>",71,"<div class=""td-wrap""><div class=""td-wrap-in""><div class=""bg ""><span class=""rank "">71</span></div></div></div>",Australia,"<div class=""td-wrap""><div class=""td-wrap-in""></div></div>",77,"<div class=""td-wrap""><div class=""td-wrap-in""><div class=""bg nobg""><span class=""rank large"">51-100</span></div></div></div>",Oceania,,"<div class=""td-wrap""><div class=""td-wrap-in""><a href=""/universities/university-queensland"">The University of Queensland</a></div></div>"
"<div class=""td-wrap""><div class=""td-wrap-in"">67.1</div></div>",77,"<div class=""td-wrap""><div class=""td-wrap-in""><div class=""bg ""><span class=""rank "">=77</span></div></div></div>","<div class=""td-wrap""><div class=""td-wrap-in"">85</div></div>",9,"<div class=""td-wrap""><div class=""td-wrap-in""><div class=""bg ""><span class=""rank "">9</span></div></div></div>",Australia,"<div class=""td-wrap""><div class=""td-wrap-in""></div></div>",78,"<div class=""td-wrap""><div class=""td-wrap-in""><div class=""bg nobg""><span class=""rank large"">51-100</span></div></div></div>",Oceania,,"<div class=""td-wrap""><div class=""td-wrap-in""><a href=""/universities/university-sydney"">The University of Sydney</a></div></div>"
"<div class=""td-wrap""><div class=""td-wrap-in"">72.3</div></div>",55,"<div class=""td-wrap""><div class=""td-wrap-in""><div class=""bg ""><span class=""rank "">=53</span></div></div></div>","<div class=""td-wrap""><div class=""td-wrap-in"">61.2</div></div>",50,"<div class=""td-wrap""><div class=""td-wrap-in""><div class=""bg ""><span class=""rank "">50</span></div></div></div>",United Kingdom,"<div class=""td-wrap""><div class=""td-wrap-in""></div></div>",79,"<div class=""td-wrap""><div class=""td-wrap-in""><div class=""bg nobg""><span class=""rank large"">51-100</span></div></div></div>",Europe,,"<div class=""td-wrap""><div class=""td-wrap-in""><a href=""/universities/university-warwick"">The University of Warwick</a></div></div>"
"<div class=""td-wrap""><div class=""td-wrap-in"">67.1</div></div>",78,"<div class=""td-wrap""><div class=""td-wrap-in""><div class=""bg ""><span class=""rank "">=77</span></div></div></div>","<div class=""td-wrap""><div class=""td-wrap-in"">66.9</div></div>",37,"<div class=""td-wrap""><div class=""td-wrap-in""><div class=""bg ""><span class=""rank "">37</span></div></div></div>",Brazil,"<div class=""td-wrap""><div class=""td-wrap-in""></div></div>",80,"<div class=""td-wrap""><div class=""td-wrap-in""><div class=""bg nobg""><span class=""rank large"">51-100</span></div></div></div>",Latin America,,"<div class=""td-wrap""><div class=""td-wrap-in""><a href=""/universities/universidade-de-sao-paulo"">Universidade de São Paulo</a></div></div>"
"<div class=""td-wrap""><div class=""td-wrap-in"">62.5</div></div>",97,"<div class=""td-wrap""><div class=""td-wrap-in""><div class=""bg ""><span class=""rank "">97</span></div></div></div>","<div class=""td-wrap""><div class=""td-wrap-in"">66.6</div></div>",38,"<div class=""td-wrap""><div class=""td-wrap-in""><div class=""bg ""><span class=""rank "">38</span></div></div></div>",Brazil,"<div class=""td-wrap""><div class=""td-wrap-in""></div></div>",81,"<div class=""td-wrap""><div class=""td-wrap-in""><div class=""bg nobg""><span class=""rank large"">51-100</span></div></div></div>",Latin America,,"<div class=""td-wrap""><div class=""td-wrap-in""><a href=""/universities/universidade-estadual-de-campinas-unicamp"">Universidade Estadual de Campinas (Unicamp)</a></div></div>"
"<div class=""td-wrap""><div class=""td-wrap-in"">63.9</div></div>",94,"<div class=""td-wrap""><div class=""td-wrap-in""><div class=""bg ""><span class=""rank "">94</span></div></div></div>","<div class=""td-wrap""><div class=""td-wrap-in"">56.3</div></div>",62,"<div class=""td-wrap""><div class=""td-wrap-in""><div class=""bg ""><span class=""rank "">62</span></div></div></div>",Indonesia,"<div class=""td-wrap""><div class=""td-wrap-in""></div></div>",82,"<div class=""td-wrap""><div class=""td-wrap-in""><div class=""bg nobg""><span class=""rank large"">51-100</span></div></div></div>",Asia,,"<div class=""td-wrap""><div class=""td-wrap-in""><a href=""/universities/gadjah-mada-university"">Gadjah Mada University</a></div></div>"
"<div class=""td-wrap""><div class=""td-wrap-in"">72.7</div></div>",51,"<div class=""td-wrap""><div class=""td-wrap-in""><div class=""bg ""><span class=""rank "">51</span></div></div></div>","<div class=""td-wrap""><div class=""td-wrap-in""></div></div>",100,"<div class=""td-wrap""><div class=""td-wrap-in""><div class=""bg nobg""><span class=""rank "">100</span></div></div></div>",Germany,"<div class=""td-wrap""><div class=""td-wrap-in""></div></div>",83,"<div class=""td-wrap""><div class=""td-wrap-in""><div class=""bg nobg""><span class=""rank large"">51-100</span></div></div></div>",Europe,,"<div class=""td-wrap""><div class=""td-wrap-in""><a href=""/universities/universitat-der-kunste-berlin"">Universität der Künste Berlin</a></div></div>"
"<div class=""td-wrap""><div class=""td-wrap-in"">62.3</div></div>",98,"<div class=""td-wrap""><div class=""td-wrap-in""><div class=""bg ""><span class=""rank "">98</span></div></div></div>","<div class=""td-wrap""><div class=""td-wrap-in"">72.5</div></div>",31,"<div class=""td-wrap""><div class=""td-wrap-in""><div class=""bg ""><span class=""rank "">31</span></div></div></div>",Canada,"<div class=""td-wrap""><div class=""td-wrap-in""></div></div>",84,"<div class=""td-wrap""><div class=""td-wrap-in""><div class=""bg nobg""><span class=""rank large"">51-100</span></div></div></div>",North America,,"<div class=""td-wrap""><div class=""td-wrap-in""><a href=""/universities/universite-de-montreal"">Université de Montréal</a></div></div>"
"<div class=""td-wrap""><div class=""td-wrap-in"">69.1</div></div>",65,"<div class=""td-wrap""><div class=""td-wrap-in""><div class=""bg ""><span class=""rank "">65</span></div></div></div>","<div class=""td-wrap""><div class=""td-wrap-in"">65.5</div></div>",41,"<div class=""td-wrap""><div class=""td-wrap-in""><div class=""bg ""><span class=""rank "">41</span></div></div></div>",United Kingdom,"<div class=""td-wrap""><div class=""td-wrap-in""></div></div>",85,"<div class=""td-wrap""><div class=""td-wrap-in""><div class=""bg nobg""><span class=""rank large"">51-100</span></div></div></div>",Europe,,"<div class=""td-wrap""><div class=""td-wrap-in""><a href=""/universities/university-birmingham"">University of Birmingham</a></div></div>"
"<div class=""td-wrap""><div class=""td-wrap-in"">68.9</div></div>",66,"<div class=""td-wrap""><div class=""td-wrap-in""><div class=""bg ""><span class=""rank "">66</span></div></div></div>","<div class=""td-wrap""><div class=""td-wrap-in"">64</div></div>",44,"<div class=""td-wrap""><div class=""td-wrap-in""><div class=""bg ""><span class=""rank "">44</span></div></div></div>",United Kingdom,"<div class=""td-wrap""><div class=""td-wrap-in""></div></div>",86,"<div class=""td-wrap""><div class=""td-wrap-in""><div class=""bg nobg""><span class=""rank large"">51-100</span></div></div></div>",Europe,6,"<div class=""td-wrap""><div class=""td-wrap-in""><a href=""/universities/university-bristol"">University of Bristol</a></div></div>"
"<div class=""td-wrap""><div class=""td-wrap-in"">67.4</div></div>",73,"<div class=""td-wrap""><div class=""td-wrap-in""><div class=""bg ""><span class=""rank "">73</span></div></div></div>","<div class=""td-wrap""><div class=""td-wrap-in"">76.2</div></div>",26,"<div class=""td-wrap""><div class=""td-wrap-in""><div class=""bg ""><span class=""rank "">26</span></div></div></div>",Canada,"<div class=""td-wrap""><div class=""td-wrap-in""></div></div>",87,"<div class=""td-wrap""><div class=""td-wrap-in""><div class=""bg nobg""><span class=""rank large"">51-100</span></div></div></div>",North America,,"<div class=""td-wrap""><div class=""td-wrap-in""><a href=""/universities/university-british-columbia"">University of British Columbia</a></div></div>"
"<div class=""td-wrap""><div class=""td-wrap-in"">69.8</div></div>",63,"<div class=""td-wrap""><div class=""td-wrap-in""><div class=""bg ""><span class=""rank "">63</span></div></div></div>","<div class=""td-wrap""><div class=""td-wrap-in"">50.2</div></div>",72,"<div class=""td-wrap""><div class=""td-wrap-in""><div class=""bg ""><span class=""rank "">72</span></div></div></div>",United States,"<div class=""td-wrap""><div class=""td-wrap-in""></div></div>",88,"<div class=""td-wrap""><div class=""td-wrap-in""><div class=""bg nobg""><span class=""rank large"">51-100</span></div></div></div>",North America,,"<div class=""td-wrap""><div class=""td-wrap-in""><a href=""/universities/university-cincinnati"">University of Cincinnati</a></div></div>"
"<div class=""td-wrap""><div class=""td-wrap-in"">68</div></div>",71,"<div class=""td-wrap""><div class=""td-wrap-in""><div class=""bg ""><span class=""rank "">=71</span></div></div></div>","<div class=""td-wrap""><div class=""td-wrap-in"">65.7</div></div>",40,"<div class=""td-wrap""><div class=""td-wrap-in""><div class=""bg ""><span class=""rank "">40</span></div></div></div>",United Kingdom,"<div class=""td-wrap""><div class=""td-wrap-in""></div></div>",89,"<div class=""td-wrap""><div class=""td-wrap-in""><div class=""bg nobg""><span class=""rank large"">51-100</span></div></div></div>",Europe,,"<div class=""td-wrap""><div class=""td-wrap-in""><a href=""/universities/university-edinburgh"">The University of Edinburgh</a></div></div>"
"<div class=""td-wrap""><div class=""td-wrap-in"">70.4</div></div>",61,"<div class=""td-wrap""><div class=""td-wrap-in""><div class=""bg ""><span class=""rank "">61</span></div></div></div>","<div class=""td-wrap""><div class=""td-wrap-in"">53.1</div></div>",66,"<div class=""td-wrap""><div class=""td-wrap-in""><div class=""bg ""><span class=""rank "">66</span></div></div></div>",United Kingdom,"<div class=""td-wrap""><div class=""td-wrap-in""></div></div>",90,"<div class=""td-wrap""><div class=""td-wrap-in""><div class=""bg nobg""><span class=""rank large"">51-100</span></div></div></div>",Europe,5,"<div class=""td-wrap""><div class=""td-wrap-in""><a href=""/universities/university-exeter"">The University of Exeter</a></div></div>"
"<div class=""td-wrap""><div class=""td-wrap-in"">65.2</div></div>",90,"<div class=""td-wrap""><div class=""td-wrap-in""><div class=""bg ""><span class=""rank "">=89</span></div></div></div>","<div class=""td-wrap""><div class=""td-wrap-in"">58.4</div></div>",59,"<div class=""td-wrap""><div class=""td-wrap-in""><div class=""bg ""><span class=""rank "">59</span></div></div></div>",United States,"<div class=""td-wrap""><div class=""td-wrap-in""></div></div>",91,"<div class=""td-wrap""><div class=""td-wrap-in""><div class=""bg nobg""><span class=""rank large"">51-100</span></div></div></div>",North America,,"<div class=""td-wrap""><div class=""td-wrap-in""><a href=""/universities/university-iowa"">University of Iowa</a></div></div>"
"<div class=""td-wrap""><div class=""td-wrap-in"">63.2</div></div>",95,"<div class=""td-wrap""><div class=""td-wrap-in""><div class=""bg ""><span class=""rank "">95</span></div></div></div>","<div class=""td-wrap""><div class=""td-wrap-in"">73.9</div></div>",30,"<div class=""td-wrap""><div class=""td-wrap-in""><div class=""bg ""><span class=""rank "">30</span></div></div></div>",United Kingdom,"<div class=""td-wrap""><div class=""td-wrap-in""></div></div>",92,"<div class=""td-wrap""><div class=""td-wrap-in""><div class=""bg nobg""><span class=""rank large"">51-100</span></div></div></div>",Europe,,"<div class=""td-wrap""><div class=""td-wrap-in""><a href=""/universities/university-leeds"">University of Leeds</a></div></div>"
"<div class=""td-wrap""><div class=""td-wrap-in"">71.6</div></div>",58,"<div class=""td-wrap""><div class=""td-wrap-in""><div class=""bg ""><span class=""rank "">=57</span></div></div></div>","<div class=""td-wrap""><div class=""td-wrap-in"">62.1</div></div>",49,"<div class=""td-wrap""><div class=""td-wrap-in""><div class=""bg ""><span class=""rank "">=48</span></div></div></div>",United States,"<div class=""td-wrap""><div class=""td-wrap-in""></div></div>",93,"<div class=""td-wrap""><div class=""td-wrap-in""><div class=""bg nobg""><span class=""rank large"">51-100</span></div></div></div>",North America,,"<div class=""td-wrap""><div class=""td-wrap-in""><a href=""/universities/university-michigan-ann-arbor"">University of Michigan-Ann Arbor</a></div></div>"
"<div class=""td-wrap""><div class=""td-wrap-in"">65.2</div></div>",91,"<div class=""td-wrap""><div class=""td-wrap-in""><div class=""bg ""><span class=""rank "">=89</span></div></div></div>","<div class=""td-wrap""><div class=""td-wrap-in"">43.6</div></div>",77,"<div class=""td-wrap""><div class=""td-wrap-in""><div class=""bg ""><span class=""rank "">77</span></div></div></div>",United States,"<div class=""td-wrap""><div class=""td-wrap-in""></div></div>",94,"<div class=""td-wrap""><div class=""td-wrap-in""><div class=""bg nobg""><span class=""rank large"">51-100</span></div></div></div>",North America,,"<div class=""td-wrap""><div class=""td-wrap-in""><a href=""/universities/university-north-carolina-chapel-hill"">University of North Carolina, Chapel Hill</a></div></div>"
"<div class=""td-wrap""><div class=""td-wrap-in"">66.1</div></div>",84,"<div class=""td-wrap""><div class=""td-wrap-in""><div class=""bg ""><span class=""rank "">84</span></div></div></div>","<div class=""td-wrap""><div class=""td-wrap-in"">60.5</div></div>",53,"<div class=""td-wrap""><div class=""td-wrap-in""><div class=""bg ""><span class=""rank "">53</span></div></div></div>",New Zealand,"<div class=""td-wrap""><div class=""td-wrap-in""></div></div>",95,"<div class=""td-wrap""><div class=""td-wrap-in""><div class=""bg nobg""><span class=""rank large"">51-100</span></div></div></div>",Oceania,6,"<div class=""td-wrap""><div class=""td-wrap-in""><a href=""/universities/university-otago"">University of Otago</a></div></div>"
"<div class=""td-wrap""><div class=""td-wrap-in"">68.1</div></div>",69,"<div class=""td-wrap""><div class=""td-wrap-in""><div class=""bg ""><span class=""rank "">=69</span></div></div></div>","<div class=""td-wrap""><div class=""td-wrap-in"">53.4</div></div>",65,"<div class=""td-wrap""><div class=""td-wrap-in""><div class=""bg ""><span class=""rank "">65</span></div></div></div>",United States,"<div class=""td-wrap""><div class=""td-wrap-in""></div></div>",96,"<div class=""td-wrap""><div class=""td-wrap-in""><div class=""bg nobg""><span class=""rank large"">51-100</span></div></div></div>",North America,,"<div class=""td-wrap""><div class=""td-wrap-in""><a href=""/universities/university-texas-austin"">University of Texas at Austin</a></div></div>"
"<div class=""td-wrap""><div class=""td-wrap-in"">67.2</div></div>",76,"<div class=""td-wrap""><div class=""td-wrap-in""><div class=""bg ""><span class=""rank "">76</span></div></div></div>","<div class=""td-wrap""><div class=""td-wrap-in"">75.9</div></div>",27,"<div class=""td-wrap""><div class=""td-wrap-in""><div class=""bg ""><span class=""rank "">27</span></div></div></div>",Canada,"<div class=""td-wrap""><div class=""td-wrap-in""></div></div>",97,"<div class=""td-wrap""><div class=""td-wrap-in""><div class=""bg nobg""><span class=""rank large"">51-100</span></div></div></div>",North America,,"<div class=""td-wrap""><div class=""td-wrap-in""><a href=""/universities/university-toronto"">University of Toronto</a></div></div>"
"<div class=""td-wrap""><div class=""td-wrap-in"">68.1</div></div>",70,"<div class=""td-wrap""><div class=""td-wrap-in""><div class=""bg ""><span class=""rank "">=69</span></div></div></div>","<div class=""td-wrap""><div class=""td-wrap-in"">44.1</div></div>",76,"<div class=""td-wrap""><div class=""td-wrap-in""><div class=""bg ""><span class=""rank "">76</span></div></div></div>",Netherlands,"<div class=""td-wrap""><div class=""td-wrap-in""></div></div>",98,"<div class=""td-wrap""><div class=""td-wrap-in""><div class=""bg nobg""><span class=""rank large"">51-100</span></div></div></div>",Europe,,"<div class=""td-wrap""><div class=""td-wrap-in""><a href=""/universities/utrecht-university"">Utrecht University</a></div></div>"
"<div class=""td-wrap""><div class=""td-wrap-in"">68.7</div></div>",67,"<div class=""td-wrap""><div class=""td-wrap-in""><div class=""bg ""><span class=""rank "">67</span></div></div></div>","<div class=""td-wrap""><div class=""td-wrap-in"">76.5</div></div>",24,"<div class=""td-wrap""><div class=""td-wrap-in""><div class=""bg ""><span class=""rank "">24</span></div></div></div>",New Zealand,"<div class=""td-wrap""><div class=""td-wrap-in""></div></div>",99,"<div class=""td-wrap""><div class=""td-wrap-in""><div class=""bg nobg""><span class=""rank large"">51-100</span></div></div></div>",Oceania,6,"<div class=""td-wrap""><div class=""td-wrap-in""><a href=""/universities/victoria-university-wellington"">Victoria University of Wellington</a></div></div>"
"<div class=""td-wrap""><div class=""td-wrap-in"">68</div></div>",72,"<div class=""td-wrap""><div class=""td-wrap-in""><div class=""bg ""><span class=""rank "">=71</span></div></div></div>","<div class=""td-wrap""><div class=""td-wrap-in"">34.3</div></div>",94,"<div class=""td-wrap""><div class=""td-wrap-in""><div class=""bg ""><span class=""rank "">=82</span></div></div></div>",Switzerland,"<div class=""td-wrap""><div class=""td-wrap-in""></div></div>",100,"<div class=""td-wrap""><div class=""td-wrap-in""><div class=""bg nobg""><span class=""rank large"">51-100</span></div></div></div>",Europe,,"<div class=""td-wrap""><div class=""td-wrap-in""><a href=""/universities/zurich-university-arts"">Zurich University of the Arts</a></div></div>"
