aliases,apply_link,location,member_level,name,nid,rank,rank_order,record_type,scores_citations,scores_citations_rank,scores_industry_income,scores_industry_income_rank,scores_international_outlook,scores_international_outlook_rank,scores_overall,scores_overall_rank,scores_research,scores_research_rank,scores_teaching,scores_teaching_rank,stats_female_male_ratio,stats_number_students,stats_pc_intl_students,stats_student_staff_ratio,subjects_offered,url
Stanford University,,United States,11,Stanford University,467,1,10,private,100.0,2,83.2,27,68.3,108,93.1,10,98.6,2,89.1,5,42 : 58,"15,845",22%,7.5,Computer Science,/world-university-rankings/stanford-university
Massachusetts Institute of Technology,,United States,0,Massachusetts Institute of Technology,471,2,20,private,99.5,9,91.8,15,72.7,96,92.2,20,95.6,4,86.8,7,37 : 63,"11,177",34%,8.7,Computer Science,/world-university-rankings/massachusetts-institute-technology
University of Oxford,,United Kingdom,0,University of Oxford,468,3,30,master_account,99.4,11,41.2,185,95.1,17,91.9,30,91.1,10,93.4,1,46 : 54,"20,409",38%,11.2,Computer Science,/world-university-rankings/university-oxford
ETH Zurich,,Switzerland,0,ETH Zurich,479,4,40,master_account,98.5,21,57.0,69,93.9,23,91.5,40,96.9,3,84.8,10,31 : 69,"19,233",38%,14.6,Computer Science,/world-university-rankings/eth-zurich
University of Cambridge,,United Kingdom,0,University of Cambridge,470,5,50,master_account,96.4,35,59.7,62,87.5,41,91.4,50,94.7,5,89.7,3,45 : 55,"18,389",35%,10.9,Computer Science,/world-university-rankings/university-cambridge
California Institute of Technology caltech,,United States,0,California Institute of Technology,128779,=6,60,private,98.7,19,97.1,7,53.9,169,89.6,60,86.6,17,91.9,2,31 : 69,"2,209",27%,6.5,Computer Science,/world-university-rankings/california-institute-technology
Carnegie Mellon University,,United States,0,Carnegie Mellon University,485,=6,70,private,99.8,5,69.1,46,73.1,94,89.6,70,92.9,6,84.5,11,39 : 61,"12,676",45%,13.5,Computer Science,/world-university-rankings/carnegie-mellon-university
Georgia Institute of Technology,,United States,0,Georgia Institute of Technology,488,8,80,public,93.3,53,79.6,29,62.7,134,89.3,80,99.0,1,84.1,13,31 : 69,"20,773",27%,20.7,Computer Science,/world-university-rankings/georgia-institute-technology
Imperial College London,,United Kingdom,0,Imperial College London,472,9,90,master_account,92.3,58,51.9,84,95.4,13,88.0,90,87.1,15,89.1,4,37 : 63,"15,857",55%,11.4,Computer Science,/world-university-rankings/imperial-college-london
École Polytechnique Fédérale de Lausanne,,Switzerland,0,École Polytechnique Fédérale de Lausanne,510,10,100,master_account,93.1,54,41.5,178,97.4,6,87.8,100,91.7,7,84.3,12,28 : 72,"9,928",55%,11.2,Computer Science,/world-university-rankings/ecole-polytechnique-federale-de-lausanne
Harvard University,,United States,0,Harvard University,466,11,110,private,98.1,25,40.6,199,72.6,97,87.7,110,91.5,8,86.0,9,,"20,326",26%,8.9,Computer Science,/world-university-rankings/harvard-university
Princeton University,,United States,0,Princeton University,469,12,120,private,100.0,1,42.1,169,65.5,120,86.3,120,89.3,14,83.4,16,45 : 55,"7,955",24%,8.3,Computer Science,/world-university-rankings/princeton-university
National University of Singapore nus,,Singapore,6,National University of Singapore,504,13,130,master_account,88.5,93,42.8,158,95.9,11,86.0,130,90.4,13,84.1,14,51 : 49,"30,602",30%,17.0,Computer Science,/world-university-rankings/national-university-singapore
University of Edinburgh,,United Kingdom,0,University of Edinburgh,500,14,140,master_account,95.2,42,39.0,227,95.2,16,85.2,140,84.3,21,82.0,18,59 : 41,"26,759",40%,12.5,Computer Science,/world-university-rankings/university-edinburgh
Cornell University,,United States,0,Cornell University,484,15,150,private,99.5,8,42.7,159,63.3,131,84.8,150,90.8,12,77.8,23,49 : 51,"21,850",24%,9.8,Computer Science,/world-university-rankings/cornell-university
Technical University of Munich,,Germany,0,Technical University of Munich,552,16,160,master_account,90.3,78,94.1,11,54.0,168,84.7,160,90.9,11,79.5,21,34 : 66,"38,689",23%,54.4,Computer Science,/world-university-rankings/technical-university-munich
University of Washington,,United States,0,University of Washington,489,17,170,public,99.3,12,50.3,91,56.7,161,84.2,170,85.9,18,81.0,20,52 : 48,"44,945",16%,11.4,Computer Science,/world-university-rankings/university-washington
UCL ucl UCL,,United Kingdom,0,UCL,481,18,180,master_account,94.7,46,42.3,165,95.7,12,83.1,180,80.8,24,78.4,22,56 : 44,"30,304",49%,10.5,Computer Science,/world-university-rankings/ucl
Columbia University,,United States,0,Columbia University,476,19,190,private,97.3,28,43.5,153,68.6,106,82.7,190,78.6,28,83.5,15,,"26,587",32%,6.1,Computer Science,/world-university-rankings/columbia-university
Tsinghua University Qinghua University Tsing hua University Qing hua University,,China,6,Tsinghua University,535,20,200,master_account,79.7,151,89.6,19,25.2,281,82.1,200,91.5,9,87.9,6,32 : 68,"42,089",9%,13.7,Computer Science,/world-university-rankings/tsinghua-university
University of Illinois at Urbana-Champaign,,United States,0,University of Illinois at Urbana-Champaign,495,21,210,public,98.1,26,40.8,195,51.4,184,82.0,210,82.7,23,81.0,19,46 : 54,"43,402",23%,22.8,Computer Science,/world-university-rankings/university-illinois-urbana-champaign
University of Toronto,,Canada,0,University of Toronto,483,22,220,master_account,99.8,6,37.5,272,75.0,88,81.5,220,80.5,25,74.6,26,,"69,427",17%,18.7,Computer Science,/world-university-rankings/university-toronto
University of Pennsylvania,,United States,0,University of Pennsylvania,480,23,230,private,97.0,30,40.7,196,69.2,105,81.2,230,83.8,22,73.7,27,50 : 50,"20,361",20%,6.5,Computer Science,/world-university-rankings/university-pennsylvania
"University of California, San Diego",,United States,0,"University of California, San Diego",497,24,240,public,99.4,10,88.4,21,41.6,222,81.0,240,85.3,19,68.5,31,46 : 54,"29,633",17%,12.8,Computer Science,/world-university-rankings/university-california-san-diego
Peking University,,China,0,Peking University,514,25,250,master_account,79.0,153,99.8,3,37.5,240,79.7,250,84.6,20,82.7,17,47 : 53,"42,136",16%,8.9,Computer Science,/world-university-rankings/peking-university
University of Texas at Austin,,United States,0,University of Texas at Austin,493,26,260,public,99.9,4,48.3,106,31.0,267,75.7,260,78.5,30,66.5,33,51 : 49,"48,561",10%,17.1,Computer Science,/world-university-rankings/university-texas-austin
University of Wisconsin-Madison,,United States,0,University of Wisconsin-Madison,491,27,270,public,99.3,13,43.7,152,57.8,157,75.2,270,77.8,31,60.1,42,51 : 49,"38,960",12%,10.7,Computer Science,/world-university-rankings/university-wisconsin-madison
University of British Columbia ubc,,Canada,11,University of British Columbia,486,=28,280,master_account,94.2,49,38.7,234,85.8,53,74.8,280,70.7,41,64.4,37,54 : 46,"51,889",29%,18.1,Computer Science,/world-university-rankings/university-british-columbia
The Hong Kong University of Science and Technology hkust,,Hong Kong,11,The Hong Kong University of Science and Technology,526,=28,290,master_account,98.8,18,58.0,67,83.9,64,74.8,290,76.2,33,52.0,65,,"10,214",31%,23.1,Computer Science,/world-university-rankings/hong-kong-university-science-and-technology
University of Southern California,,United States,0,University of Southern California,519,30,300,private,98.4,22,43.7,150,66.4,117,74.0,300,78.5,29,54.0,58,53 : 47,"38,380",23%,12.8,Computer Science,/world-university-rankings/university-southern-california
"Nanyang Technological University, Singapore NTU Nan yang",,Singapore,6,"Nanyang Technological University, Singapore",634,31,310,master_account,90.5,75,55.7,74,94.3,21,73.9,310,75.9,34,54.8,53,48 : 52,"25,499",31%,16.3,Computer Science,/world-university-rankings/nanyang-technological-university-singapore
"University of Maryland, College Park",,United States,0,"University of Maryland, College Park",559,32,320,public,94.9,43,41.9,172,31.6,263,73.8,320,79.5,27,64.6,36,48 : 52,"31,772",10%,16.5,Computer Science,/world-university-rankings/university-maryland-college-park
University of Waterloo,,Canada,11,University of Waterloo,689,33,330,master_account,90.1,79,45.1,132,76.4,84,72.6,330,73.8,38,59.1,44,46 : 54,"32,000",17%,26.1,Computer Science,/world-university-rankings/university-waterloo
University of Chicago,,United States,11,University of Chicago,473,34,340,private,96.2,36,36.6,293,64.3,128,71.3,340,65.0,46,62.4,39,44 : 56,"13,525",25%,6.2,Computer Science,/world-university-rankings/university-chicago
The University of Tokyo,,Japan,0,The University of Tokyo,494,35,350,master_account,53.1,273,53.0,80,22.8,289,70.9,350,86.7,16,86.2,8,,"26,000",10%,6.7,Computer Science,/world-university-rankings/university-tokyo
Karlsruhe Institute of Technology,,Germany,0,Karlsruhe Institute of Technology,660,36,360,master_account,87.7,97,56.7,70,40.7,229,70.3,360,72.5,40,61.9,40,27 : 73,"25,824",18%,26.3,Computer Science,/world-university-rankings/karlsruhe-institute-technology
RWTH Aachen University,,Germany,0,RWTH Aachen University,632,37,370,master_account,74.0,181,88.4,22,41.0,224,69.5,370,74.4,35,64.3,38,32 : 68,"43,721",18%,57.7,Computer Science,/world-university-rankings/rwth-aachen-university
Chinese University of Hong Kong CUHK,,Hong Kong,11,Chinese University of Hong Kong,662356,38,380,master_account,98.1,24,46.8,113,82.1,70,68.9,380,56.2,62,55.4,51,,"18,072",31%,17.3,Computer Science,/world-university-rankings/chinese-university-hong-kong
University of Melbourne UniMelb Australia,,Australia,11,University of Melbourne,501,39,390,master_account,88.0,94,49.6,98,88.8,36,67.6,390,55.3,64,58.8,45,55 : 45,"42,116",40%,26.6,Computer Science,/world-university-rankings/university-melbourne
Seoul National University,,South Korea,0,Seoul National University,588,40,400,master_account,65.9,231,95.7,8,27.2,275,67.4,400,73.1,39,68.5,32,,"26,470",11%,12.6,Computer Science,/world-university-rankings/seoul-national-university
Korea Advanced Institute of Science and Technology (KAIST),,South Korea,0,Korea Advanced Institute of Science and Technology (KAIST),558,41,410,master_account,60.4,257,93.5,13,31.2,265,67.0,410,79.6,26,64.8,34,20 : 80,"9,464",9%,10.6,Computer Science,/world-university-rankings/korea-advanced-institute-science-and-technology-kaist
Delft University of Technology,,Netherlands,0,Delft University of Technology,568,=42,420,master_account,76.9,162,90.0,18,73.6,93,66.8,420,66.3,44,52.3,64,28 : 72,"17,057",27%,19.6,Computer Science,/world-university-rankings/delft-university-technology
Technical University of Berlin,,Germany,0,Technical University of Berlin,1022,=42,430,master_account,76.3,164,100.0,2,58.8,150,66.8,430,67.3,43,54.2,55,34 : 66,"22,390",20%,64.3,Computer Science,/world-university-rankings/technical-university-berlin
"University of California, Santa Barbara",,United States,0,"University of California, Santa Barbara",499,44,440,public,94.3,47,55.1,77,73.0,95,66.7,440,61.8,50,46.8,76,52 : 48,"23,054",14%,28.1,Computer Science,/world-university-rankings/university-california-santa-barbara
University of Massachusetts,,United States,0,University of Massachusetts,528,=45,450,master_account,99.1,16,41.1,189,52.8,176,66.4,450,57.5,58,52.8,61,49 : 51,"59,230",14%,13.3,Computer Science,/world-university-rankings/university-massachusetts
Zhejiang University ZJU Zhejiang University China research,,China,11,Zhejiang University,815,=45,460,master_account,60.4,258,79.4,30,24.4,284,66.4,460,76.9,32,69.8,30,22 : 78,"50,051",6%,14.1,Computer Science,/world-university-rankings/zhejiang-university
LMU Munich Ludwig-Maximilians-Universität München,,Germany,6,LMU Munich,509,47,470,master_account,82.8,132,50.4,89,49.7,191,66.2,470,67.7,42,56.4,49,61 : 39,"36,091",15%,15.6,Computer Science,/world-university-rankings/lmu-munich
Brown University,,United States,0,Brown University,513,48,480,private,98.3,23,41.1,187,51.6,183,65.8,480,52.6,70,57.0,48,,"8,898",20%,10.7,Computer Science,/world-university-rankings/brown-university
"University of California, Irvine",,United States,0,"University of California, Irvine",550,49,490,public,95.6,40,39.6,217,65.0,122,64.0,490,46.5,85,56.1,50,52 : 48,"30,419",21%,17.0,Computer Science,/world-university-rankings/university-california-irvine
KU Leuven,,Belgium,11,KU Leuven,531,50,500,master_account,90.9,71,88.5,20,47.1,202,63.9,500,53.7,66,49.4,71,50 : 50,"44,412",15%,37.1,Computer Science,/world-university-rankings/ku-leuven
Kyoto University,,Japan,0,Kyoto University,516,51,510,master_account,46.5,285,65.6,52,25.9,279,63.4,510,74.0,36,77.2,24,24 : 76,"22,481",8%,8.7,Computer Science,/world-university-rankings/kyoto-university
Rice University,,United States,0,Rice University,536,52,520,private,98.6,20,45.1,131,64.5,127,63.1,520,53.7,67,42.6,86,43 : 57,"6,441",28%,9.0,Computer Science,/world-university-rankings/rice-university
National Taiwan University,,Taiwan,0,National Taiwan University,618,53,530,master_account,45.1,286,84.6,25,26.9,277,62.5,530,73.9,37,72.2,29,40 : 60,"31,758",8%,11.5,Computer Science,/world-university-rankings/national-taiwan-university
KTH Royal Institute of Technology,,Sweden,0,KTH Royal Institute of Technology,651,54,540,master_account,89.9,81,39.4,219,72.4,98,62.2,540,53.0,68,47.3,75,33 : 67,"12,951",17%,16.0,Computer Science,/world-university-rankings/kth-royal-institute-technology
University of Hong Kong HKU Hong Kong University,,Hong Kong,11,University of Hong Kong,498,55,550,master_account,73.0,186,40.4,204,99.1,3,61.7,550,58.7,56,48.4,73,54 : 46,"18,364",42%,18.0,Computer Science,/world-university-rankings/university-hong-kong
University of Montreal,,Canada,11,University of Montreal,569,56,560,master_account,83.8,124,50.5,88,86.8,46,61.6,560,61.6,52,36.7,117,55 : 45,"41,017",22%,21.9,Computer Science,/world-university-rankings/university-montreal
Technion Israel Institute of Technology,,Israel,0,Technion Israel Institute of Technology,685,57,570,master_account,86.3,112,38.3,251,53.6,171,61.5,570,63.5,49,42.5,89,34 : 66,"14,693",5%,21.7,Computer Science,/world-university-rankings/technion-israel-institute-technology
University of Freiburg,,Germany,0,University of Freiburg,653,=58,580,master_account,94.0,51,100.0,1,52.7,177,61.4,580,46.1,86,42.6,85,57 : 43,"20,871",19%,40.3,Computer Science,/world-university-rankings/university-freiburg
Nanjing University,,China,0,Nanjing University,727,=58,590,master_account,59.5,259,70.8,43,48.2,197,61.4,590,65.3,45,61.0,41,50 : 50,"33,456",10%,14.2,Computer Science,/world-university-rankings/nanjing-university
Lomonosov Moscow State University,,Russian Federation,0,Lomonosov Moscow State University,753,60,600,master_account,47.4,282,90.6,17,28.7,270,61.0,600,61.7,51,75.7,25,48 : 52,"29,236",22%,7.3,Computer Science,/world-university-rankings/lomonosov-moscow-state-university
King’s College London,,United Kingdom,11,King’s College London,520,=61,610,master_account,89.3,86,37.3,275,95.3,14,60.9,610,43.9,93,47.3,74,62 : 38,"23,207",41%,12.0,Computer Science,/world-university-rankings/kings-college-london
Vienna University of Technology,,Austria,0,Vienna University of Technology,810,=61,620,master_account,72.3,192,48.7,102,63.0,132,60.9,620,57.4,59,55.3,52,29 : 71,"17,931",28%,36.5,Computer Science,/world-university-rankings/vienna-university-technology
University of Manchester,,United Kingdom,0,University of Manchester,512,63,630,master_account,67.0,223,41.1,188,84.9,59,60.8,630,59.1,55,54.1,57,52 : 48,"35,318",38%,14.6,Computer Science,/world-university-rankings/university-manchester
Eindhoven University of Technology,,Netherlands,6,Eindhoven University of Technology,579,64,640,master_account,78.7,156,99.2,5,78.2,80,60.6,640,54.0,65,39.7,96,28 : 72,"7,637",17%,18.6,Computer Science,/world-university-rankings/eindhoven-university-technology
Heidelberg University,,Germany,0,Heidelberg University,537,65,650,master_account,88.9,90,45.5,123,47.8,200,60.1,650,47.5,83,51.8,66,55 : 45,"28,876",17%,23.2,Computer Science,/world-university-rankings/heidelberg-university-0
University of Amsterdam uva,,Netherlands,6,University of Amsterdam,556,66,660,master_account,91.3,68,47.6,108,68.1,110,59.9,660,41.4,104,49.8,69,57 : 43,"23,495",12%,12.3,Computer Science,/world-university-rankings/university-amsterdam
Moscow Institute of Physics and Technology,,Russian Federation,0,Moscow Institute of Physics and Technology,973,67,670,master_account,75.1,175,94.7,10,35.1,251,59.5,670,52.2,71,52.8,62,20 : 80,"5,761",12%,8.7,Computer Science,/world-university-rankings/moscow-institute-physics-and-technology
Penn State (Main campus)  ,,United States,0,Penn State (Main campus)  ,515,=68,680,public,87.6,99,71.4,41,35.5,249,59.4,680,58.1,57,38.7,100,46 : 54,"45,411",14%,15.2,Computer Science,/world-university-rankings/penn-state-main-campus
Shanghai Jiao Tong University SJTU,,China,6,Shanghai Jiao Tong University,801,=68,690,master_account,67.0,224,37.5,270,23.9,288,59.4,690,64.4,47,59.9,43,41 : 59,"37,288",6%,12.4,Computer Science,/world-university-rankings/shanghai-jiao-tong-university
École Polytechnique,,France,6,École Polytechnique,527,70,700,master_account,61.2,250,64.4,54,85.9,51,58.1,700,32.8,148,72.6,28,21 : 79,"2,799",36%,5.1,Computer Science,/world-university-rankings/ecole-polytechnique
University of Science and Technology of China,,China,0,University of Science and Technology of China,656,71,710,master_account,75.7,170,49.9,94,28.7,271,57.8,710,49.1,77,58.8,46,,"16,032",3%,8.2,Computer Science,/world-university-rankings/university-science-and-technology-china
University of North Carolina at Chapel Hill,,United States,0,University of North Carolina at Chapel Hill,507,=72,720,public,96.6,34,44.3,139,49.7,192,57.4,720,46.8,84,36.2,121,56 : 44,"34,684",8%,9.7,Computer Science,/world-university-rankings/university-north-carolina-chapel-hill
Technical University of Darmstadt Technical University of Darmstadt,,Germany,0,Technical University of Darmstadt,745,=72,730,master_account,81.7,139,69.2,45,55.7,165,57.4,730,50.2,73,40.6,93,30 : 70,"17,776",16%,44.5,Computer Science,/world-university-rankings/technical-university-darmstadt
City University of Hong Kong CityU HK,,Hong Kong,11,City University of Hong Kong,657,=74,740,master_account,81.5,142,66.6,48,78.7,78,57.3,740,45.1,88,40.5,94,54 : 46,"9,240",35%,11.2,Computer Science,/world-university-rankings/city-university-hong-kong
University of Twente,,Netherlands,6,University of Twente,664,=74,750,master_account,88.0,95,59.7,63,70.0,103,57.3,750,50.0,74,32.7,143,37 : 63,"6,697",27%,12.8,Computer Science,/world-university-rankings/university-twente
ITMO University,,Russian Federation,0,ITMO University,131805,76,760,master_account,79.8,150,66.4,49,41.7,221,57.0,760,38.1,117,57.1,47,37 : 63,"10,582",13%,9.5,Computer Science,/world-university-rankings/itmo-university
Paris Sciences et Lettres – PSL Research University Paris,,France,0,Paris Sciences et Lettres – PSL Research University Paris,615804,77,770,master_account,87.9,96,38.9,230,82.2,69,56.8,770,45.6,87,36.3,120,,"19,978",25%,10.1,Computer Science,/world-university-rankings/paris-sciences-et-lettres-psl-research-university-paris
University of Luxembourg,,Luxembourg,0,University of Luxembourg,131698,78,780,master_account,94.3,48,56.0,73,99.5,2,56.4,780,30.4,168,36.8,115,50 : 50,"4,969",57%,14.6,Computer Science,/world-university-rankings/university-luxembourg
Arizona State University (Tempe)  ,,United States,0,Arizona State University (Tempe)  ,591,79,790,public,89.2,87,39.9,211,64.8,125,56.3,790,49.9,75,33.1,140,43 : 57,"44,475",19%,20.1,Computer Science,/world-university-rankings/arizona-state-university-tempe
Aarhus University,,Denmark,0,Aarhus University,589,80,800,master_account,90.3,77,58.2,66,68.2,109,56.0,800,43.4,95,33.9,132,54 : 46,"25,167",12%,14.3,Computer Science,/world-university-rankings/aarhus-university
University of Bonn,,Germany,0,University of Bonn,868,=81,810,master_account,95.8,38,74.8,36,45.0,206,55.8,810,36.8,123,37.7,110,55 : 45,"35,619",13%,77.9,Computer Science,/world-university-rankings/university-bonn
University of Stuttgart,,Germany,0,University of Stuttgart,1031,=81,820,master_account,78.5,158,37.0,284,34.6,252,55.8,820,55.6,63,43.6,83,31 : 69,"26,059",18%,53.2,Computer Science,/world-university-rankings/university-stuttgart
Australian National University anu,,Australia,0,Australian National University,502,=83,830,master_account,96.9,31,37.2,278,92.7,29,55.3,830,42.7,98,23.5,215,52 : 48,"15,986",35%,19.3,Computer Science,/world-university-rankings/australian-national-university
University of Technology Sydney UTS,,Australia,6,University of Technology Sydney,906,=83,840,master_account,87.6,100,65.6,53,96.8,8,55.3,840,40.8,107,28.0,176,53 : 47,"25,256",37%,43.6,Computer Science,/world-university-rankings/university-technology-sydney
University of Southampton,,United Kingdom,0,University of Southampton,593,85,850,master_account,75.9,169,39.8,216,87.9,38,55.2,850,47.8,82,37.9,108,53 : 47,"21,670",33%,12.5,Computer Science,/world-university-rankings/university-southampton
University of Geneva,,Switzerland,0,University of Geneva,594,=86,860,master_account,81.7,138,98.4,6,94.9,18,55.1,860,35.9,127,32.8,141,61 : 39,"16,085",40%,15.1,Computer Science,/world-university-rankings/university-geneva
University of Pittsburgh-Pittsburgh campus,,United States,0,University of Pittsburgh-Pittsburgh campus,524,=86,870,public,80.7,144,40.5,203,51.7,181,55.1,870,51.0,72,38.9,99,52 : 48,"26,367",10%,5.9,Computer Science,/world-university-rankings/university-pittsburgh-pittsburgh-campus
Hong Kong Polytechnic University PolyU Poly U HK PolyU,,Hong Kong,11,Hong Kong Polytechnic University,723,=88,880,master_account,89.6,84,39.8,214,65.7,119,55.0,880,42.4,100,35.9,123,51 : 49,"21,773",25%,26.9,Computer Science,/world-university-rankings/hong-kong-polytechnic-university
Tel Aviv University,,Israel,0,Tel Aviv University,630,=88,890,master_account,80.2,148,38.6,241,43.2,215,55.0,890,49.8,76,42.6,88,54 : 46,"22,973",4%,23.1,Computer Science,/world-university-rankings/tel-aviv-university
Aalto University,,Finland,0,Aalto University,767,90,900,master_account,86.4,108,49.0,101,66.7,113,54.9,900,44.6,91,34.3,130,34 : 66,"12,744",20%,20.2,Computer Science,/world-university-rankings/aalto-university
"Rutgers, the State University of New Jersey",,United States,0,"Rutgers, the State University of New Jersey",546,91,910,public,92.9,56,52.5,81,50.0,190,54.7,910,48.2,80,27.9,177,52 : 48,"43,439",10%,11.1,Computer Science,/world-university-rankings/rutgers-state-university-new-jersey-0
Dartmouth College,,United States,0,Dartmouth College,554,92,920,private,91.6,65,48.6,103,53.0,173,54.1,920,30.6,164,44.5,80,47 : 53,"6,100",15%,6.6,Computer Science,/world-university-rankings/dartmouth-college
University of Helsinki,,Finland,11,University of Helsinki,555,93,930,master_account,82.2,136,42.5,162,48.7,196,54.0,930,44.9,89,40.6,92,65 : 35,"22,532",6%,16.2,Computer Science,/world-university-rankings/university-helsinki
Stony Brook University,,United States,0,Stony Brook University,578,94,940,public,90.5,76,41.6,176,74.0,92,53.6,940,38.9,113,31.5,149,49 : 51,"23,136",24%,10.4,Computer Science,/world-university-rankings/stony-brook-university
McGill University,,Canada,0,McGill University,492,=95,950,master_account,69.8,207,36.6,294,79.6,74,53.5,950,47.9,81,40.4,95,57 : 43,"30,940",26%,13.3,Computer Science,/world-university-rankings/mcgill-university
Polytechnic University of Milan,,Italy,0,Polytechnic University of Milan,797,=95,960,master_account,64.1,238,51.6,85,43.3,213,53.5,960,59.2,54,41.0,91,34 : 66,"33,189",14%,23.8,Computer Science,/world-university-rankings/polytechnic-university-milan
University of Minnesota,,United States,0,University of Minnesota,506,97,970,public,94.8,44,46.0,121,40.9,226,53.3,970,41.5,103,31.4,150,51 : 49,"60,949",11%,17.4,Computer Science,/world-university-rankings/university-minnesota
Newcastle University,,United Kingdom,11,Newcastle University,610,=98,980,master_account,78.8,154,40.6,200,82.8,66,53.2,980,41.3,105,36.5,118,49 : 51,"20,952",30%,15.6,Computer Science,/world-university-rankings/newcastle-university
Queensland University of Technology qut,,Australia,6,Queensland University of Technology,758,=98,990,master_account,86.6,107,85.1,24,74.6,90,53.2,990,37.6,119,27.6,179,54 : 46,"35,211",17%,37.0,Computer Science,/world-university-rankings/queensland-university-technology
Washington University in St Louis,,United States,11,Washington University in St Louis,505,100,1000,private,85.5,115,37.9,260,52.1,179,52.8,1000,34.7,138,43.7,82,,"12,600",17%,7.5,Computer Science,/world-university-rankings/washington-university-st-louis
Aalborg University,,Denmark,6,Aalborg University,766,101–125,1010,master_account,86.3,110,45.4,124,62.3,135,49.2–52.7,1010,35.8,128,29.6,159,49 : 51,"15,512",13%,13.6,Computer Science,/world-university-rankings/aalborg-university
University of Alberta,,Canada,0,University of Alberta,564,101–125,1020,master_account,69.6,208,41.8,173,93.7,24,49.2–52.7,1020,43.5,94,38.1,105,55 : 45,"32,435",26%,21.6,Computer Science,/world-university-rankings/university-alberta
University of Bologna,,Italy,1,University of Bologna,692,101–125,1030,master_account,92.1,60,40.8,194,43.5,211,49.2–52.7,1030,31.9,154,33.8,134,,"62,296",10%,22.2,Computer Science,/world-university-rankings/university-bologna
University of Bristol,,United Kingdom,11,University of Bristol,530,101–125,1040,master_account,92.3,57,39.0,225,87.6,40,49.2–52.7,1040,28.5,182,31.0,152,53 : 47,"19,995",27%,13.7,Computer Science,/world-university-rankings/university-bristol
"University of California, Santa Cruz",,United States,0,"University of California, Santa Cruz",574,101–125,1050,public,95.7,39,42.1,168,46.4,205,49.2–52.7,1050,32.4,151,35.2,125,52 : 48,"17,866",4%,23.0,Computer Science,/world-university-rankings/university-california-santa-cruz
Chalmers University of Technology,,Sweden,0,Chalmers University of Technology,695,101–125,1060,master_account,80.4,146,49.6,96,69.7,104,49.2–52.7,1060,35.4,133,36.4,119,31 : 69,"9,112",16%,11.4,Computer Science,/world-university-rankings/chalmers-university-technology
École Normale Supérieure de Lyon,,France,0,École Normale Supérieure de Lyon,605,101–125,1070,master_account,93.3,52,46.3,117,60.1,142,49.2–52.7,1070,22.7,211,37.5,111,47 : 53,"2,221",13%,8.5,Computer Science,/world-university-rankings/ecole-normale-superieure-de-lyon
University of Erlangen-Nuremberg,,Germany,0,University of Erlangen-Nuremberg,870,101–125,1080,master_account,76.3,163,77.8,33,32.6,261,49.2–52.7,1080,37.1,121,38.6,101,49 : 51,"38,730",12%,58.5,Computer Science,/world-university-rankings/university-erlangen-nuremberg
University of Glasgow,,United Kingdom,1,University of Glasgow,566,101–125,1090,master_account,84.2,123,37.5,268,87.8,39,49.2–52.7,1090,33.7,144,33.6,137,58 : 42,"23,389",36%,15.4,Computer Science,/world-university-rankings/university-glasgow
University of Groningen,,Netherlands,11,University of Groningen,598,101–125,1100,master_account,92.2,59,49.7,95,66.7,114,49.2–52.7,1100,30.4,167,35.0,126,52 : 48,"26,197",17%,24.1,Computer Science,/world-university-rankings/university-groningen
Hebrew University of Jerusalem,,Israel,0,Hebrew University of Jerusalem,585,101–125,1110,master_account,82.9,131,44.0,145,60.0,144,49.2–52.7,1110,41.8,102,30.5,155,55 : 45,"17,454",5%,11.2,Computer Science,/world-university-rankings/hebrew-university-jerusalem
Humboldt University of Berlin,,Germany,0,Humboldt University of Berlin,573,101–125,1120,master_account,80.3,147,39.8,215,41.9,218,49.2–52.7,1120,28.9,179,44.6,79,,"32,172",17%,56.5,Computer Science,/world-university-rankings/humboldt-university-berlin
Indiana University,,United States,0,Indiana University,587,101–125,1130,public,70.4,203,59.9,61,61.7,138,49.2–52.7,1130,33.8,142,44.1,81,52 : 48,"66,835",15%,14.1,Computer Science,/world-university-rankings/indiana-university
Indian Institute of Science,,India,0,Indian Institute of Science,926,101–125,1140,master_account,55.0,271,44.1,143,18.6,295,49.2–52.7,1140,52.7,69,49.9,68,21 : 79,"3,550",1%,8.4,Computer Science,/world-university-rankings/indian-institute-science
Osaka University,,Japan,0,Osaka University,583,101–125,1150,master_account,33.8,297,48.5,104,24.2,285,49.2–52.7,1150,64.2,48,64.7,35,31 : 69,"23,256",10%,9.5,Computer Science,/world-university-rankings/osaka-university
Polytechnic University of Catalonia,,Spain,0,Polytechnic University of Catalonia,849,101–125,1160,master_account,69.9,206,40.4,205,48.0,198,49.2–52.7,1160,43.2,96,45.2,78,27 : 73,"21,581",12%,9.8,Computer Science,/world-university-rankings/polytechnic-university-catalonia
Queen Mary University of London,,United Kingdom,0,Queen Mary University of London,131678,101–125,1170,master_account,85.2,116,37.7,263,88.3,37,49.2–52.7,1170,30.3,171,28.0,175,54 : 46,"15,405",45%,13.3,Computer Science,/world-university-rankings/queen-mary-university-london
University of Queensland UQ UOQ,,Australia,11,University of Queensland,538,101–125,1180,master_account,90.8,72,46.3,118,84.5,60,49.2–52.7,1180,32.4,152,30.3,156,55 : 45,"38,968",26%,35.7,Computer Science,/world-university-rankings/university-queensland
University of Sheffield united kingdom UK Sheffield,https://timeshighereducation.studygroup.com?utm_campaign=the&uid=i-51616042,United Kingdom,11,University of Sheffield,565,101–125,1190,master_account,89.1,88,37.6,267,84.2,63,49.2–52.7,1190,35.7,131,23.3,220,50 : 50,"24,581",36%,14.9,Computer Science,/world-university-rankings/university-sheffield
Sungkyunkwan University (SKKU),,South Korea,6,Sungkyunkwan University (SKKU),805,101–125,1200,master_account,44.1,287,93.8,12,43.6,210,49.2–52.7,1200,48.5,79,53.0,59,42 : 58,"24,055",12%,19.6,Computer Science,/world-university-rankings/sungkyunkwan-university-skku
University of Sydney UniSyd,,Australia,11,University of Sydney,522,101–125,1210,master_account,74.2,179,43.7,151,94.0,22,49.2–52.7,1210,40.9,106,31.0,154,57 : 43,"44,553",32%,21.6,Computer Science,/world-university-rankings/university-sydney
University of Trento,,Italy,0,University of Trento,763,101–125,1220,master_account,89.0,89,40.9,193,66.2,118,49.2–52.7,1220,35.8,129,31.6,147,51 : 49,"17,759",8%,29.4,Computer Science,/world-university-rankings/university-trento
UNSW Sydney unsw australia unsw,,Australia,6,UNSW Sydney,638,101–125,1230,master_account,74.5,178,43.8,147,85.9,52,49.2–52.7,1230,42.5,99,35.0,127,46 : 54,"40,133",34%,26.7,Computer Science,/world-university-rankings/unsw-sydney
University of Utah,,United States,0,University of Utah,577,101–125,1240,public,82.7,133,38.9,232,36.7,245,49.2–52.7,1240,37.6,120,35.0,128,45 : 55,"30,040",10%,14.5,Computer Science,/world-university-rankings/university-utah
University of Warwick,,United Kingdom,0,University of Warwick,622,101–125,1250,master_account,62.2,243,41.4,181,85.4,58,49.2–52.7,1250,42.2,101,39.1,98,48 : 52,"18,424",39%,13.0,Computer Science,/world-university-rankings/university-warwick
University of Adelaide Adelaide University,,Australia,0,University of Adelaide,665,126–150,1260,master_account,99.6,7,56.2,71,95.2,15,46.7–49.1,1260,20.6,232,17.2,275,48 : 52,"21,241",26%,34.3,Computer Science,/world-university-rankings/university-adelaide
University at Buffalo,,United States,0,University at Buffalo,670,126–150,1270,public,90.0,80,45.4,126,80.9,72,46.7–49.1,1270,25.6,193,23.9,210,45 : 55,"25,247",18%,17.7,Computer Science,/world-university-rankings/university-buffalo
"University of California, Riverside",,United States,0,"University of California, Riverside",607,126–150,1280,public,96.7,33,40.3,206,65.0,123,46.7–49.1,1280,23.6,205,22.1,230,51 : 49,"20,740",14%,20.7,Computer Science,/world-university-rankings/university-california-riverside
University of Colorado Boulder,,United States,0,University of Colorado Boulder,541,126–150,1290,public,87.2,104,36.8,287,36.5,246,46.7–49.1,1290,38.5,115,23.3,219,44 : 56,"30,780",10%,16.3,Computer Science,/world-university-rankings/university-colorado-boulder
Durham University united kingdom UK  England,https://timeshighereducation.studygroup.com?utm_campaign=the&uid=i-56154151,United Kingdom,11,Durham University,547,126–150,1300,master_account,91.9,62,39.6,218,89.7,33,46.7–49.1,1300,22.2,218,22.6,228,54 : 46,"16,310",29%,14.9,Computer Science,/world-university-rankings/durham-university
Indian Institute of Technology Bombay,,India,0,Indian Institute of Technology Bombay,782,126–150,1310,master_account,35.3,295,44.3,138,22.6,290,46.7–49.1,1310,59.6,53,52.9,60,17 : 83,"9,870",1%,17.9,Computer Science,/world-university-rankings/indian-institute-technology-bombay
Indian Institute of Technology Delhi,,India,0,Indian Institute of Technology Delhi,965,126–150,1320,master_account,69.3,209,50.8,86,16.5,299,46.7–49.1,1320,33.4,145,54.1,56,20 : 80,"7,284",1%,13.3,Computer Science,/world-university-rankings/indian-institute-technology-delhi
Indian Institute of Technology Kharagpur,,India,0,Indian Institute of Technology Kharagpur,874,126–150,1330,master_account,62.1,244,79.3,31,16.2,300,46.7–49.1,1330,43.0,97,38.3,104,16 : 84,"11,016",0%,18.0,Computer Science,/world-university-rankings/indian-institute-technology-kharagpur
Korea University,,South Korea,6,Korea University,702,126–150,1340,master_account,61.6,248,94.9,9,40.5,231,46.7–49.1,1340,38.2,116,38.5,103,46 : 54,"23,037",19%,15.6,Computer Science,/world-university-rankings/korea-university
Lancaster University,https://timeshighereducation.studygroup.com?utm_campaign=the&uid=i-49618222,United Kingdom,11,Lancaster University,595,126–150,1350,master_account,88.9,91,38.5,244,85.5,56,46.7–49.1,1350,21.3,228,25.7,197,51 : 49,"11,637",38%,13.1,Computer Science,/world-university-rankings/lancaster-university
Université Catholique de Louvain,,Belgium,0,Université Catholique de Louvain,633,126–150,1360,master_account,91.7,63,38.7,236,59.8,145,46.7–49.1,1360,32.9,147,25.3,200,54 : 46,"24,451",19%,37.8,Computer Science,/world-university-rankings/universite-catholique-de-louvain
University of Malaya,,Malaysia,0,University of Malaya,606429,126–150,1370,master_account,85.1,119,37.6,266,76.1,85,46.7–49.1,1370,19.7,239,37.3,114,66 : 34,"21,990",18%,10.9,Computer Science,/world-university-rankings/university-malaya
McMaster University,,Canada,11,McMaster University,529,126–150,1380,master_account,91.1,69,41.3,183,87.1,43,46.7–49.1,1380,21.8,221,23.1,223,52 : 48,"23,693",15%,24.7,Computer Science,/world-university-rankings/mcmaster-university
National Tsing Hua University,,Taiwan,0,National Tsing Hua University,680,126–150,1390,master_account,44.0,288,46.6,115,24.1,287,46.7–49.1,1390,56.9,60,52.4,63,33 : 67,"10,194",5%,13.8,Computer Science,/world-university-rankings/national-tsing-hua-university
North Carolina State University,,United States,0,North Carolina State University,891,126–150,1400,public,83.0,128,44.5,136,58.7,151,46.7–49.1,1400,32.8,150,28.5,171,45 : 55,"30,254",13%,13.1,Computer Science,/world-university-rankings/north-carolina-state-university
Northeastern University,,United States,0,Northeastern University,681,126–150,1410,private,87.5,101,38.0,257,62.0,136,46.7–49.1,1410,33.2,146,27.2,187,49 : 51,"18,780",32%,14.0,Computer Science,/world-university-rankings/northeastern-university
University of Nottingham,,United Kingdom,0,University of Nottingham,604,126–150,1420,master_account,78.7,157,39.9,212,86.5,49,46.7–49.1,1420,28.7,181,28.0,174,54 : 46,"29,176",30%,14.0,Computer Science,/world-university-rankings/university-nottingham
Ohio State University (Main campus)  ,,United States,0,Ohio State University (Main campus)  ,521,126–150,1430,public,91.6,66,61.3,60,57.5,159,46.7–49.1,1430,31.2,159,19.1,262,49 : 51,"53,190",13%,12.7,Computer Science,/world-university-rankings/ohio-state-university-main-campus
University of Oulu,,Finland,1,University of Oulu,131756,126–150,1440,master_account,91.6,67,40.0,209,50.8,187,46.7–49.1,1440,30.3,170,24.2,208,50 : 50,"10,287",6%,23.7,Computer Science,/world-university-rankings/university-oulu
University of Potsdam,,Germany,6,University of Potsdam,615783,126–150,1450,master_account,86.4,109,42.7,160,31.6,264,46.7–49.1,1450,40.7,108,26.8,191,58 : 42,"20,066",10%,59.1,Computer Science,/world-university-rankings/university-potsdam
"Royal Holloway, University of London",,United Kingdom,11,"Royal Holloway, University of London",571,126–150,1460,master_account,85.2,117,38.0,258,94.6,20,46.7–49.1,1460,18.7,242,30.2,157,59 : 41,"8,931",40%,15.4,Computer Science,/world-university-rankings/royal-holloway-university-london
Ruhr University Bochum,,Germany,0,Ruhr University Bochum,718,126–150,1470,master_account,94.2,50,55.7,75,43.5,212,46.7–49.1,1470,35.7,130,16.0,285,49 : 51,"43,004",13%,61.1,Computer Science,/world-university-rankings/ruhr-university-bochum
Sant’Anna School of Advanced Studies – Pisa,,Italy,0,Sant’Anna School of Advanced Studies – Pisa,131267,126–150,1480,master_account,86.8,105,83.8,26,42.2,217,46.7–49.1,1480,27.1,188,32.6,144,37 : 63,690,14%,11.7,Computer Science,/world-university-rankings/santanna-school-advanced-studies-pisa
University of Virginia (Main campus)  ,,United States,0,University of Virginia (Main campus)  ,601,126–150,1490,public,94.8,45,55.6,76,38.9,237,46.7–49.1,1490,29.7,174,22.9,225,52 : 48,"24,055",12%,9.7,Computer Science,/world-university-rankings/university-virginia-main-campus
Virginia Polytechnic Institute and State University virginia tech virginia,,United States,11,Virginia Polytechnic Institute and State University,737,126–150,1500,public,81.7,140,39.2,224,39.1,234,46.7–49.1,1500,39.7,111,26.7,193,43 : 57,"30,975",11%,18.2,Computer Science,/world-university-rankings/virginia-polytechnic-institute-and-state-university
Xi’an Jiaotong University,,China,0,Xi’an Jiaotong University,948,126–150,1510,master_account,68.0,218,86.4,23,34.2,255,46.7–49.1,1510,44.0,92,26.6,194,35 : 65,"32,199",4%,10.7,Computer Science,/world-university-rankings/xian-jiaotong-university
University of Aberdeen,,United Kingdom,0,University of Aberdeen,615,151–175,1520,master_account,67.5,220,44.0,144,96.6,10,44.4–46.5,1520,21.6,222,35.2,124,55 : 45,"12,055",36%,13.9,Computer Science,/world-university-rankings/university-aberdeen
Bar-Ilan University,,Israel,0,Bar-Ilan University,770,151–175,1530,master_account,77.2,161,82.6,28,51.8,180,44.4–46.5,1530,29.4,176,27.0,189,61 : 39,"16,412",5%,17.5,Computer Science,/world-university-rankings/bar-ilan-university
University of Birmingham,,United Kingdom,11,University of Birmingham,612,151–175,1540,master_account,79.9,149,39.2,222,93.7,25,44.4–46.5,1540,18.0,249,32.3,145,54 : 46,"27,061",27%,15.0,Computer Science,/world-university-rankings/university-birmingham
University of Delaware,,United States,0,University of Delaware,644,151–175,1550,public,75.9,168,73.8,38,62.9,133,44.4–46.5,1550,30.8,161,22.7,227,57 : 43,"20,125",10%,16.8,Computer Science,/world-university-rankings/university-delaware
University of Florida,,United States,0,University of Florida,590,151–175,1560,public,68.6,213,99.3,4,54.4,167,44.4–46.5,1560,35.3,134,20.1,248,54 : 46,"46,346",9%,17.5,Computer Science,/world-university-rankings/university-florida
Free University of Berlin,,Germany,0,Free University of Berlin,617,151–175,1570,master_account,58.6,262,44.1,142,61.2,140,44.4–46.5,1570,34.2,139,38.6,102,59 : 41,"34,114",21%,57.0,Computer Science,/world-university-rankings/free-university-berlin
Fudan University,,China,0,Fudan University,700,151–175,1580,master_account,52.4,274,58.4,64,29.1,269,44.4–46.5,1580,35.5,132,54.2,54,51 : 49,"32,859",10%,12.1,Computer Science,/world-university-rankings/fudan-university
Ghent University,,Belgium,0,Ghent University,570,151–175,1590,master_account,64.9,235,73.3,39,44.8,207,44.4–46.5,1590,30.3,169,41.8,90,53 : 47,"35,909",10%,35.9,Computer Science,/world-university-rankings/ghent-university
University of Innsbruck,,Austria,0,University of Innsbruck,677,151–175,1600,master_account,87.6,98,52.3,82,91.9,30,44.4–46.5,1600,14.5,272,27.5,182,54 : 46,"14,530",39%,13.1,Computer Science,/world-university-rankings/university-innsbruck
King Abdulaziz University,,Saudi Arabia,11,King Abdulaziz University,888,151–175,1610,master_account,99.2,15,72.7,40,76.9,83,44.4–46.5,1610,9.3,292,17.9,270,54 : 46,"31,554",21%,8.1,Computer Science,/world-university-rankings/king-abdulaziz-university
University of Mannheim,,Germany,0,University of Mannheim,131813,151–175,1620,master_account,84.8,120,64.0,56,50.5,188,44.4–46.5,1620,33.8,143,20.1,250,54 : 46,"10,995",16%,74.5,Computer Science,/world-university-rankings/university-mannheim
National Chiao Tung University,,Taiwan,0,National Chiao Tung University,707,151–175,1630,master_account,30.6,299,63.9,58,32.8,259,44.4–46.5,1630,56.7,61,48.7,72,28 : 72,"12,639",7%,17.7,Computer Science,/world-university-rankings/national-chiao-tung-university
University of Passau,,Germany,1,University of Passau,622275,151–175,1640,master_account,98.9,17,45.0,133,53.0,174,44.4–46.5,1640,15.4,265,21.1,238,61 : 39,"11,804",9%,74.8,Computer Science,/world-university-rankings/university-passau
Queen’s University Belfast qub queen&#039;s,,United Kingdom,11,Queen’s University Belfast,730,151–175,1650,master_account,83.0,129,38.7,238,80.3,73,44.4–46.5,1650,25.9,192,20.4,243,55 : 45,"17,947",32%,16.6,Computer Science,/world-university-rankings/queens-university-belfast
Sapienza University of Rome,,Italy,0,Sapienza University of Rome,800,151–175,1660,master_account,84.6,121,45.2,130,37.4,241,44.4–46.5,1660,31.6,157,25.4,199,58 : 42,"111,453",7%,32.1,Computer Science,/world-university-rankings/sapienza-university-rome
Stockholm University,,Sweden,0,Stockholm University,596,151–175,1670,master_account,80.6,145,39.2,223,57.8,156,44.4–46.5,1670,29.6,175,27.5,183,,"33,156",8%,24.9,Computer Science,/world-university-rankings/stockholm-university
Technical University of Denmark,,Denmark,0,Technical University of Denmark,643,151–175,1680,master_account,71.2,196,52.2,83,79.4,75,44.4–46.5,1680,27.2,186,31.2,151,29 : 71,"8,548",24%,6.0,Computer Science,/world-university-rankings/technical-university-denmark
Texas A&M University,,United States,11,Texas A&M University,629,151–175,1690,public,65.5,234,36.6,299,56.8,160,44.4–46.5,1690,49.1,78,24.8,203,48 : 52,"56,245",9%,23.6,Computer Science,/world-university-rankings/texas-am-university
TU Dresden,,Germany,0,TU Dresden,720,151–175,1700,master_account,60.9,252,41.3,184,37.1,243,44.4–46.5,1700,40.5,110,36.0,122,42 : 58,"34,514",13%,35.9,Computer Science,/world-university-rankings/tu-dresden
Ulm University,,Germany,0,Ulm University,687,151–175,1710,master_account,81.9,137,45.7,122,34.3,254,44.4–46.5,1710,32.0,153,28.2,173,48 : 52,"10,657",13%,28.4,Computer Science,/world-university-rankings/ulm-university
Uppsala University,,Sweden,0,Uppsala University,551,151–175,1720,master_account,82.3,135,42.3,166,61.3,139,44.4–46.5,1720,27.0,189,29.0,165,57 : 43,"25,174",11%,17.3,Computer Science,/world-university-rankings/uppsala-university
Victoria University,,Australia,6,Victoria University,589256,151–175,1730,master_account,100.0,3,40.7,198,84.5,61,44.4–46.5,1730,10.0,291,24.5,207,54 : 46,"14,795",20%,31.4,Computer Science,/world-university-rankings/victoria-university
University of Vienna,,Austria,0,University of Vienna,603,151–175,1740,master_account,68.0,217,38.3,252,87.1,44,44.4–46.5,1740,30.8,162,28.7,169,66 : 34,"35,375",26%,20.8,Computer Science,/world-university-rankings/university-vienna
Vrije Universiteit Amsterdam,,Netherlands,0,Vrije Universiteit Amsterdam,625,151–175,1750,master_account,72.7,188,53.8,79,68.5,107,44.4–46.5,1750,29.3,177,31.6,148,56 : 44,"24,554",7%,18.1,Computer Science,/world-university-rankings/vrije-universiteit-amsterdam
University of Arizona,,United States,0,University of Arizona,561,176–200,1760,public,74.5,177,46.8,112,40.7,228,41.9–44.3,1760,21.6,223,32.2,146,52 : 48,"38,334",9%,13.0,Computer Science,/world-university-rankings/university-arizona
University of Bremen,,Germany,0,University of Bremen,1023,176–200,1770,master_account,68.3,215,45.4,125,40.5,230,41.9–44.3,1770,30.6,163,33.4,139,50 : 50,"19,040",11%,34.2,Computer Science,/world-university-rankings/university-bremen
University of Duisburg-Essen,,Germany,6,University of Duisburg-Essen,898,176–200,1780,master_account,83.4,125,90.8,16,38.1,238,41.9–44.3,1780,22.7,210,17.9,269,48 : 52,"41,916",13%,53.8,Computer Science,/world-university-rankings/university-duisburg-essen
Free University of Bozen-Bolzano,,Italy,0,Free University of Bozen-Bolzano,589127,176–200,1790,master_account,97.2,29,36.7,290,84.2,62,41.9–44.3,1790,7.8,296,21.0,240,33 : 67,"3,304",12%,11.6,Computer Science,/world-university-rankings/free-university-bozen-bolzano
University of Göttingen,,Germany,0,University of Göttingen,533,176–200,1800,master_account,75.4,171,40.5,202,61.1,141,41.9–44.3,1800,22.5,216,28.8,167,50 : 50,"28,554",12%,27.9,Computer Science,/world-university-rankings/university-gottingen
University of Granada,,Spain,0,University of Granada,131272,176–200,1810,master_account,87.4,102,37.3,274,37.2,242,41.9–44.3,1810,22.6,214,25.1,201,58 : 42,"59,539",14%,17.6,Computer Science,/world-university-rankings/university-granada
Graz University of Technology,,Austria,0,Graz University of Technology,131362,176–200,1820,master_account,84.4,122,57.5,68,56.3,164,41.9–44.3,1820,23.4,208,23.2,221,23 : 77,"6,395",17%,10.2,Computer Science,/world-university-rankings/graz-university-technology
University of Illinois at Chicago,,United States,0,University of Illinois at Chicago,631,176–200,1830,public,76.0,166,38.7,235,71.2,99,41.9–44.3,1830,32.8,149,20.3,245,52 : 48,"25,450",19%,11.4,Computer Science,/world-university-rankings/university-illinois-chicago
Iowa State University,,United States,0,Iowa State University,648,176–200,1840,public,62.1,245,65.8,51,65.2,121,41.9–44.3,1840,31.7,155,25.9,196,45 : 55,"31,307",12%,18.8,Computer Science,/world-university-rankings/iowa-state-university
University of Liège,,Belgium,0,University of Liège,788,176–200,1850,master_account,89.9,82,49.6,97,57.5,158,41.9–44.3,1850,19.7,238,19.1,261,56 : 44,"21,910",23%,27.1,Computer Science,/world-university-rankings/university-liege
Linköping University,,Sweden,0,Linköping University,789,176–200,1860,master_account,97.4,27,43.9,146,53.8,170,41.9–44.3,1860,15.1,268,21.3,237,53 : 47,"18,740",11%,8.1,Computer Science,/world-university-rankings/linkoping-university
University of Macau,,Macao,11,University of Macau,1027,176–200,1870,master_account,80.9,143,38.7,237,98.2,4,41.9–44.3,1870,16.2,257,23.5,217,58 : 42,"9,230",33%,14.5,Computer Science,/world-university-rankings/university-macau
Nagoya University,,Japan,0,Nagoya University,679,176–200,1880,master_account,40.8,290,64.0,57,25.1,282,41.9–44.3,1880,39.1,112,46.0,77,29 : 71,"15,594",10%,7.9,Computer Science,/world-university-rankings/nagoya-university
University of Notre Dame,,United States,0,University of Notre Dame,553,176–200,1890,private,91.7,64,36.6,296,47.1,203,41.9–44.3,1890,23.8,202,19.7,255,45 : 55,"11,912",11%,13.4,Computer Science,/world-university-rankings/university-notre-dame-0
University of Pisa,,Italy,0,University of Pisa,795,176–200,1900,master_account,87.4,103,38.9,231,31.0,266,41.9–44.3,1900,25.2,196,24.5,206,52 : 48,"50,810",4%,28.9,Computer Science,/world-university-rankings/university-pisa
Radboud University Nijmegen,,Netherlands,6,Radboud University Nijmegen,624,176–200,1910,master_account,72.1,193,41.1,190,67.2,111,41.9–44.3,1910,27.3,185,26.5,195,56 : 44,"19,358",12%,19.1,Computer Science,/world-university-rankings/radboud-university-nijmegen
Université de Sherbrooke,,Canada,0,Université de Sherbrooke,131415,176–200,1920,master_account,83.0,130,50.7,87,64.6,126,41.9–44.3,1920,21.4,227,18.0,268,57 : 43,"14,373",8%,12.3,Computer Science,/world-university-rankings/universite-de-sherbrooke
Simon Fraser University,,Canada,11,Simon Fraser University,709,176–200,1930,master_account,73.2,185,42.9,155,89.4,34,41.9–44.3,1930,23.6,206,21.9,234,54 : 46,"26,309",29%,27.6,Computer Science,/world-university-rankings/simon-fraser-university
University of South Australia unisa,,Australia,6,University of South Australia,855,176–200,1940,master_account,86.3,111,54.2,78,81.8,71,41.9–44.3,1940,16.7,254,16.9,278,62 : 38,"17,575",41%,25.8,Computer Science,/world-university-rankings/university-south-australia
University of Surrey,,United Kingdom,11,University of Surrey,806,176–200,1950,master_account,73.4,183,37.8,261,92.9,28,41.9–44.3,1950,22.7,213,27.8,178,53 : 47,"11,027",38%,14.3,Computer Science,/world-university-rankings/university-surrey
Temple University,,United States,0,Temple University,907,176–200,1960,public,95.9,37,41.2,186,56.6,162,41.9–44.3,1960,16.6,255,16.3,283,52 : 48,"33,958",8%,11.5,Computer Science,/world-university-rankings/temple-university
Trinity College Dublin,,Ireland,0,Trinity College Dublin,582,176–200,1970,master_account,62.0,246,37.3,277,78.4,79,41.9–44.3,1970,25.3,195,32.8,142,58 : 42,"16,157",27%,22.8,Computer Science,/world-university-rankings/trinity-college-dublin
University College Dublin,,Ireland,11,University College Dublin,623,176–200,1980,master_account,75.2,173,42.4,163,86.8,47,41.9–44.3,1980,16.8,253,29.3,162,,"21,605",26%,23.0,Computer Science,/world-university-rankings/university-college-dublin
University of Western Australia uwa,,Australia,0,University of Western Australia,654,176–200,1990,master_account,78.8,155,43.8,148,82.9,65,41.9–44.3,1990,28.8,180,17.0,277,49 : 51,"18,787",25%,21.8,Computer Science,/world-university-rankings/university-western-australia
Wuhan University,,China,11,Wuhan University,863,176–200,2000,master_account,30.5,300,78.9,32,24.8,283,41.9–44.3,2000,44.9,90,51.4,67,,"50,178",7%,14.3,Computer Science,/world-university-rankings/wuhan-university
University of Auckland UOA Auckland University,,New Zealand,11,University of Auckland,637,201–250,2010,master_account,70.7,199,38.0,255,82.7,67,38.1–41.8,2010,18.2,246,27.1,188,54 : 46,"30,348",29%,18.8,Computer Science,/world-university-rankings/university-auckland
Autonomous University of Barcelona uab,,Spain,6,Autonomous University of Barcelona,666,201–250,2020,master_account,66.5,227,41.6,174,52.9,175,38.1–41.8,2020,18.6,243,27.2,185,59 : 41,"32,309",16%,12.9,Computer Science,/world-university-rankings/autonomous-university-barcelona
University of Beira Interior,,Portugal,0,University of Beira Interior,587724,201–250,2030,master_account,89.3,85,38.9,229,49.1,194,38.1–41.8,2030,16.1,258,14.9,289,52 : 48,"6,925",8%,16.0,Computer Science,/world-university-rankings/university-beira-interior
University of Bergen,,Norway,0,University of Bergen,655,201–250,2040,master_account,83.2,126,38.4,246,75.5,87,38.1–41.8,2040,12.5,281,20.0,251,60 : 40,"12,554",13%,12.0,Computer Science,/world-university-rankings/university-bergen
University of Bern,,Switzerland,0,University of Bern,576,201–250,2050,master_account,65.9,230,42.8,157,77.1,82,38.1–41.8,2050,24.1,201,24.5,205,56 : 44,"10,449",15%,16.5,Computer Science,/world-university-rankings/university-bern
Bielefeld University,,Germany,6,Bielefeld University,717,201–250,2060,master_account,61.3,249,50.3,90,32.9,258,38.1–41.8,2060,30.4,166,25.6,198,57 : 43,"23,683",8%,66.8,Computer Science,/world-university-rankings/bielefeld-university
"Binghamton University, State University of New York",,United States,0,"Binghamton University, State University of New York",771,201–250,2070,public,99.2,14,36.7,289,47.9,199,38.1–41.8,2070,11.3,287,13.6,292,48 : 52,"17,238",15%,23.7,Computer Science,/world-university-rankings/binghamton-university-state-university-new-york
Boğaziçi University,,Turkey,0,Boğaziçi University,772,201–250,2080,master_account,72.4,190,65.9,50,34.4,253,38.1–41.8,2080,23.5,207,29.6,160,49 : 51,"11,967",8%,26.8,Computer Science,/world-university-rankings/bogazici-university
Brunel University London,,United Kingdom,0,Brunel University London,719,201–250,2090,master_account,68.2,216,37.6,265,85.4,57,38.1–41.8,2090,19.7,237,26.7,192,46 : 54,"11,359",41%,16.0,Computer Science,/world-university-rankings/brunel-university-london
Cardiff University,,United Kingdom,0,Cardiff University,671,201–250,2100,master_account,70.7,200,41.0,191,74.7,89,38.1–41.8,2100,19.1,240,17.7,272,58 : 42,"24,186",26%,13.5,Computer Science,/world-university-rankings/cardiff-university
"Colorado State University, Fort Collins",,United States,0,"Colorado State University, Fort Collins",696,201–250,2110,public,60.9,251,46.4,116,58.9,148,38.1–41.8,2110,31.6,156,19.5,257,53 : 47,"23,921",6%,15.9,Computer Science,/world-university-rankings/colorado-state-university-fort-collins-0
University of Côte d’Azur,,France,0,University of Côte d’Azur,625956,201–250,2120,master_account,63.5,239,38.3,249,63.4,130,38.1–41.8,2120,15.5,264,33.9,133,55 : 45,"33,839",23%,21.8,Computer Science,/world-university-rankings/university-cote-dazur
University of Essex,,United Kingdom,0,University of Essex,674,201–250,2130,master_account,67.8,219,38.5,242,94.7,19,38.1–41.8,2130,13.3,279,23.4,218,55 : 45,"10,986",43%,16.5,Computer Science,/world-university-rankings/university-essex
Federal University of Minas Gerais,,Brazil,0,Federal University of Minas Gerais,131770,201–250,2140,master_account,75.1,174,42.6,161,26.1,278,38.1–41.8,2140,23.0,209,28.8,166,53 : 47,"45,138",2%,14.5,Computer Science,/world-university-rankings/federal-university-minas-gerais
Hanyang University,,South Korea,6,Hanyang University,936,201–250,2150,master_account,35.8,292,74.0,37,39.6,233,38.1–41.8,2150,36.5,125,37.4,113,,"20,879",17%,14.6,Computer Science,/world-university-rankings/hanyang-university
Heriot-Watt University,,United Kingdom,0,Heriot-Watt University,828,201–250,2160,master_account,72.5,189,38.4,247,85.7,54,38.1–41.8,2160,14.5,271,23.9,211,42 : 58,"9,259",41%,16.4,Computer Science,/world-university-rankings/heriot-watt-university
Hong Kong Baptist University hkbu,,Hong Kong,11,Hong Kong Baptist University,748,201–250,2170,master_account,88.7,92,37.5,269,85.5,55,38.1–41.8,2170,7.0,298,12.5,296,61 : 39,"11,467",30%,11.4,Computer Science,/world-university-rankings/hong-kong-baptist-university
University of Houston,,United States,0,University of Houston,780,201–250,2180,public,72.8,187,41.3,182,49.4,193,38.1–41.8,2180,30.6,165,18.0,267,50 : 50,"41,128",10%,42.9,Computer Science,/world-university-rankings/university-houston
Indian Institute of Technology Madras,,India,0,Indian Institute of Technology Madras,978,201–250,2190,master_account,32.4,298,46.0,120,16.2,301,38.1–41.8,2190,37.9,118,49.5,70,19 : 81,"9,033",0%,14.9,Computer Science,/world-university-rankings/indian-institute-technology-madras
Kyushu University,,Japan,0,Kyushu University,131724,201–250,2200,master_account,34.9,296,56.2,72,47.7,201,38.1–41.8,2200,38.8,114,37.5,112,29 : 71,"18,696",12%,7.6,Computer Science,/world-university-rankings/kyushu-university
University of Leeds,,United Kingdom,0,University of Leeds,597,201–250,2210,master_account,47.2,284,39.0,228,86.7,48,38.1–41.8,2210,36.9,122,31.0,153,60 : 40,"27,995",26%,14.7,Computer Science,/world-university-rankings/university-leeds
Leibniz University Hanover,,Germany,0,Leibniz University Hanover,826,201–250,2220,master_account,65.6,233,43.4,154,32.7,260,38.1–41.8,2220,34.0,140,29.1,163,41 : 59,"25,162",12%,65.3,Computer Science,/world-university-rankings/leibniz-university-hanover
University of Leicester uk united kingdom leicester,,United Kingdom,0,University of Leicester,662,201–250,2230,master_account,68.4,214,37.2,279,96.7,9,38.1–41.8,2230,15.2,267,20.7,241,54 : 46,"14,635",38%,14.1,Computer Science,/world-university-rankings/university-leicester
University of Liverpool,,United Kingdom,0,University of Liverpool,646,201–250,2240,master_account,61.7,247,39.3,220,98.0,5,38.1–41.8,2240,21.5,226,23.5,216,54 : 46,"19,815",35%,11.7,Computer Science,/world-university-rankings/university-liverpool
Maastricht University,,Netherlands,6,Maastricht University,663,201–250,2250,master_account,69.3,210,37.2,280,97.4,7,38.1–41.8,2250,15.3,266,20.1,249,58 : 42,"16,727",50%,18.0,Computer Science,/world-university-rankings/maastricht-university
University of Münster,,Germany,0,University of Münster,756,201–250,2260,master_account,66.1,228,46.8,114,35.9,247,38.1–41.8,2260,25.0,197,29.3,161,53 : 47,"42,287",7%,42.6,Computer Science,/world-university-rankings/university-munster
National Research Nuclear University MEPhI,,Russian Federation,6,National Research Nuclear University MEPhI,878,201–250,2270,master_account,50.2,277,70.9,42,21.4,292,38.1–41.8,2270,31.5,158,38.0,106,31 : 69,"7,064",15%,7.6,Computer Science,/world-university-rankings/national-research-nuclear-university-mephi
New Jersey Institute of Technology,,United States,0,New Jersey Institute of Technology,845,201–250,2280,public,85.5,114,36.6,295,58.8,149,38.1–41.8,2280,16.9,251,20.5,242,24 : 76,"11,423",18%,21.1,Computer Science,/world-university-rankings/new-jersey-institute-technology
University of Oslo,,Norway,0,University of Oslo,647,201–250,2290,master_account,77.8,160,47.5,110,58.2,153,38.1–41.8,2290,23.8,203,19.9,254,60 : 40,"27,730",19%,18.6,Computer Science,/world-university-rankings/university-oslo
Paris-Sud University,,France,6,Paris-Sud University,867,201–250,2300,master_account,58.8,260,36.9,285,71.0,100,38.1–41.8,2300,19.1,241,33.5,138,55 : 45,"27,221",16%,14.5,Computer Science,/world-university-rankings/paris-sud-university
Pontifical Catholic University of Chile,,Chile,0,Pontifical Catholic University of Chile,852,201–250,2310,master_account,83.1,127,36.6,297,57.9,155,38.1–41.8,2310,13.9,276,17.4,273,,"27,065",7%,15.4,Computer Science,/world-university-rankings/pontifical-catholic-university-chile
Rensselaer Polytechnic Institute,,United States,0,Rensselaer Polytechnic Institute,608,201–250,2320,private,63.2,241,48.5,105,35.5,250,38.1–41.8,2320,18.4,244,33.8,135,32 : 68,"7,240",17%,15.7,Computer Science,/world-university-rankings/rensselaer-polytechnic-institute
Saint Petersburg State University,,Russian Federation,0,Saint Petersburg State University,853,201–250,2330,master_account,58.0,264,37.7,264,27.0,276,38.1–41.8,2330,29.8,173,42.6,87,65 : 35,"21,433",10%,5.8,Computer Science,/world-university-rankings/saint-petersburg-state-university
Sejong University,,South Korea,0,Sejong University,131620,201–250,2340,master_account,70.0,205,42.1,170,17.8,298,38.1–41.8,2340,23.8,204,28.7,168,46 : 54,"11,884",6%,16.3,Computer Science,/world-university-rankings/sejong-university
Southeast University,,China,0,Southeast University,589112,201–250,2350,master_account,57.3,267,63.6,59,18.6,296,38.1–41.8,2350,33.9,141,27.4,184,,"32,464",5%,11.7,Computer Science,/world-university-rankings/southeast-university
University of Southern Denmark,,Denmark,0,University of Southern Denmark,731,201–250,2360,master_account,70.8,198,70.0,44,67.2,112,38.1–41.8,2360,13.3,280,21.7,235,53 : 47,"25,328",16%,13.5,Computer Science,/world-university-rankings/university-southern-denmark
University of St Andrews,,United Kingdom,0,University of St Andrews,549,201–250,2370,master_account,60.5,255,36.9,286,79.3,76,38.1–41.8,2370,20.4,234,27.6,180,58 : 42,"9,005",48%,13.0,Computer Science,/world-university-rankings/university-st-andrews
Stevens Institute of Technology,,United States,0,Stevens Institute of Technology,589226,201–250,2380,private,90.6,73,37.4,273,64.9,124,38.1–41.8,2380,22.2,219,11.5,297,29 : 71,"5,636",35%,16.2,Computer Science,/world-university-rankings/stevens-institute-technology
Syracuse University,,United States,0,Syracuse University,1020,201–250,2390,private,79.5,152,38.4,248,46.9,204,38.1–41.8,2390,16.9,252,23.6,213,54 : 46,"20,180",19%,16.3,Computer Science,/world-university-rankings/syracuse-university
University of Tartu,,Estonia,0,University of Tartu,859,201–250,2400,master_account,90.6,74,36.6,298,64.3,129,38.1–41.8,2400,10.5,289,16.6,280,66 : 34,"8,835",5%,11.6,Computer Science,/world-university-rankings/university-tartu
University of Texas at Dallas utd,,United States,11,University of Texas at Dallas,733,201–250,2410,public,71.2,197,40.7,197,58.7,152,38.1–41.8,2410,28.5,184,18.3,266,43 : 57,"22,967",25%,25.4,Computer Science,/world-university-rankings/university-texas-dallas
University of Tübingen,,Germany,0,University of Tübingen,652,201–250,2420,master_account,58.7,261,42.2,167,41.0,225,38.1–41.8,2420,36.8,124,22.8,226,59 : 41,"27,844",13%,38.5,Computer Science,/world-university-rankings/university-tubingen
Victoria University of Wellington,,New Zealand,0,Victoria University of Wellington,736,201–250,2430,master_account,66.6,226,47.5,111,75.7,86,38.1–41.8,2430,13.7,278,28.5,172,56 : 44,"17,086",20%,19.8,Computer Science,/world-university-rankings/victoria-university-wellington
University of Warsaw,,Poland,0,University of Warsaw,813,201–250,2440,master_account,54.2,272,36.6,300,41.5,223,38.1–41.8,2440,30.1,172,39.1,97,66 : 34,"50,026",9%,14.1,Computer Science,/world-university-rankings/university-warsaw
Washington State University,,United States,0,Washington State University,814,201–250,2450,public,89.7,83,41.6,177,41.9,219,38.1–41.8,2450,15.6,262,20.4,244,52 : 48,"27,135",7%,19.7,Computer Science,/world-university-rankings/washington-state-university
Wayne State University,,United States,0,Wayne State University,738,201–250,2460,public,73.3,184,44.3,140,51.7,182,38.1–41.8,2460,16.4,256,27.6,181,56 : 44,"22,215",9%,10.8,Computer Science,/world-university-rankings/wayne-state-university
University of Würzburg,,Germany,0,University of Würzburg,691,201–250,2470,master_account,70.6,201,42.9,156,43.8,209,38.1–41.8,2470,21.3,229,23.6,214,57 : 43,"22,537",9%,33.9,Computer Science,/world-university-rankings/university-wurzburg
Yonsei University (Seoul campus) Yonsei Yon Sei,,South Korea,6,Yonsei University (Seoul campus),622314,201–250,2480,master_account,38.7,291,76.6,35,40.1,232,38.1–41.8,2480,40.6,109,37.8,109,45 : 55,"18,038",21%,14.7,Computer Science,/world-university-rankings/yonsei-university-seoul-campus
University of York,,United Kingdom,0,University of York,586,201–250,2490,master_account,42.5,289,39.3,221,77.6,81,38.1–41.8,2490,29.2,178,34.1,131,55 : 45,"14,962",27%,15.1,Computer Science,/world-university-rankings/university-york
University of Alabama,,United States,0,University of Alabama,591764,251–300,2500,public,70.4,202,36.6,292,28.5,272,34.6–38.0,2500,21.5,225,16.1,284,54 : 46,"33,679",5%,22.2,Computer Science,/world-university-rankings/university-alabama
University of Antwerp,,Belgium,0,University of Antwerp,742,251–300,2510,master_account,60.6,253,77.1,34,51.0,186,34.6–38.0,2510,19.7,236,21.0,239,53 : 47,"16,056",16%,35.2,Computer Science,/world-university-rankings/university-antwerp
University of Calabria,,Italy,0,University of Calabria,589361,251–300,2520,master_account,85.1,118,37.1,282,32.2,262,34.6–38.0,2520,15.8,260,14.0,290,58 : 42,"28,313",3%,35.1,Computer Science,/world-university-rankings/university-calabria
University of Calgary,,Canada,0,University of Calgary,693,251–300,2530,master_account,49.1,280,44.9,134,78.7,77,34.6–38.0,2530,20.5,233,27.0,190,,"27,084",19%,15.7,Computer Science,/world-university-rankings/university-calgary
University of Catania,,Italy,0,University of Catania,131466,251–300,2540,master_account,95.6,41,37.9,259,25.6,280,34.6–38.0,2540,7.6,297,17.8,271,59 : 41,"35,168",1%,22.8,Computer Science,/world-university-rankings/university-catania
University of Coimbra,,Portugal,0,University of Coimbra,820,251–300,2550,master_account,73.4,182,40.1,207,33.6,256,34.6–38.0,2550,15.5,263,19.5,256,57 : 43,"21,928",16%,17.0,Computer Science,/world-university-rankings/university-coimbra
University of Crete,,Greece,0,University of Crete,744,251–300,2560,master_account,57.6,265,41.4,180,37.7,239,34.6–38.0,2560,21.0,230,33.6,136,62 : 38,"14,522",4%,26.2,Computer Science,/world-university-rankings/university-crete
University of Cyprus,,Cyprus,0,University of Cyprus,131501,251–300,2570,master_account,71.8,194,38.3,250,56.4,163,34.6–38.0,2570,14.3,273,16.7,279,68 : 32,"6,989",9%,23.1,Computer Science,/world-university-rankings/university-cyprus
Deakin University,,Australia,11,Deakin University,822,251–300,2580,master_account,65.6,232,39.0,226,90.1,32,34.6–38.0,2580,12.1,282,20.2,247,58 : 42,"36,768",17%,32.9,Computer Science,/world-university-rankings/deakin-university
École normale supérieure Paris-Saclay,,France,6,École normale supérieure Paris-Saclay,131404,251–300,2590,master_account,60.5,254,46.0,119,53.1,172,34.6–38.0,2590,11.5,286,27.2,186,30 : 70,"1,631",15%,10.5,Computer Science,/world-university-rankings/ecole-normale-superieure-paris-saclay
Federal University of Toulouse Midi-Pyrénées,,France,0,Federal University of Toulouse Midi-Pyrénées,587913,251–300,2600,master_account,49.1,281,39.8,213,55.1,166,34.6–38.0,2600,20.7,231,34.5,129,53 : 47,"98,538",17%,24.6,Computer Science,/world-university-rankings/federal-university-toulouse-midi-pyrenees
George Washington University,,United States,0,George Washington University,600,251–300,2610,private,64.8,236,38.2,253,70.1,102,34.6–38.0,2610,17.0,250,19.4,258,58 : 42,"22,015",16%,12.9,Computer Science,/world-university-rankings/george-washington-university
Georgia State University,,United States,0,Georgia State University,824,251–300,2620,public,92.9,55,36.8,288,51.1,185,34.6–38.0,2620,8.3,295,13.6,293,69 : 31,"28,593",6%,18.9,Computer Science,/world-university-rankings/georgia-state-university
Griffith University,,Australia,0,Griffith University,825,251–300,2630,master_account,71.3,195,41.5,179,87.0,45,34.6–38.0,2630,14.3,274,13.6,294,56 : 44,"31,772",19%,22.3,Computer Science,/world-university-rankings/griffith-university
University of Hamburg,,Germany,6,University of Hamburg,701,251–300,2640,master_account,60.4,256,43.7,149,41.7,220,34.6–38.0,2640,26.1,191,19.1,260,56 : 44,"38,182",12%,48.4,Computer Science,/world-university-rankings/university-hamburg
University of Hawai’i at Mānoa,,United States,0,University of Hawai’i at Mānoa,722,251–300,2650,public,74.8,176,38.6,239,58.1,154,34.6–38.0,2650,15.8,261,15.3,288,56 : 44,"16,256",13%,11.0,Computer Science,/world-university-rankings/university-hawaii-manoa
Huazhong University of Science and Technology Hua Zhong University HUST Tech,,China,6,Huazhong University of Science and Technology,956,251–300,2660,master_account,63.2,240,49.2,100,19.9,294,34.6–38.0,2660,34.7,136,14.0,291,35 : 65,"56,140",5%,16.7,Computer Science,/world-university-rankings/huazhong-university-science-and-technology
Indian Institute of Technology Kanpur,,India,0,Indian Institute of Technology Kanpur,966,251–300,2670,master_account,49.7,278,50.2,92,22.0,291,34.6–38.0,2670,31.1,160,29.0,164,14 : 86,"6,472",1%,15.2,Computer Science,/world-university-rankings/indian-institute-technology-kanpur
University of Jaén,,Spain,0,University of Jaén,589253,251–300,2680,master_account,96.8,32,36.7,291,21.2,293,34.6–38.0,2680,6.9,300,15.6,287,55 : 45,"16,894",8%,20.5,Computer Science,/world-university-rankings/university-jaen
Johannes Kepler University of Linz,,Austria,0,Johannes Kepler University of Linz,726,251–300,2690,master_account,67.0,222,49.4,99,48.8,195,34.6–38.0,2690,14.7,269,28.5,170,52 : 48,"6,449",10%,11.0,Computer Science,/world-university-rankings/johannes-kepler-university-linz
University of Kaiserslautern,,Germany,1,University of Kaiserslautern,131341,251–300,2700,master_account,47.3,283,64.3,55,52.5,178,34.6–38.0,2700,26.7,190,29.9,158,37 : 63,"14,493",16%,52.5,Computer Science,/world-university-rankings/university-kaiserslautern
University of Kent,,United Kingdom,6,University of Kent,832,251–300,2710,master_account,68.8,212,38.5,243,82.4,68,34.6–38.0,2710,13.8,277,19.9,253,53 : 47,"16,949",31%,12.7,Computer Science,/world-university-rankings/university-kent
University of Konstanz,,Germany,0,University of Konstanz,658,251–300,2720,master_account,69.2,211,47.8,107,59.0,147,34.6–38.0,2720,19.9,235,18.8,264,54 : 46,"11,381",12%,48.2,Computer Science,/world-university-rankings/university-konstanz
La Trobe University LaTrobe,,Australia,11,La Trobe University,835,251–300,2730,master_account,67.1,221,41.9,171,86.4,50,34.6–38.0,2730,11.9,283,18.5,265,63 : 37,"20,343",26%,34.5,Computer Science,/world-university-rankings/la-trobe-university
Lehigh University,,United States,0,Lehigh University,787,251–300,2740,private,86.1,113,37.7,262,30.7,268,34.6–38.0,2740,18.2,247,11.0,298,45 : 55,"6,476",16%,11.4,Computer Science,/world-university-rankings/lehigh-university
Université Libre de Bruxelles,,Belgium,0,Université Libre de Bruxelles,669,251–300,2750,master_account,55.1,270,47.6,109,70.3,101,34.6–38.0,2750,28.5,183,21.4,236,55 : 45,"25,343",35%,43.4,Computer Science,/world-university-rankings/universite-libre-de-bruxelles
Middlesex University,,United Kingdom,0,Middlesex University,131410,251–300,2760,master_account,86.7,106,37.3,276,93.0,27,34.6–38.0,2760,7.0,299,10.7,300,60 : 40,"14,756",46%,18.0,Computer Science,/world-university-rankings/middlesex-university
Monash University,,Australia,0,Monash University,581,251–300,2770,master_account,49.2,279,45.2,128,74.1,91,34.6–38.0,2770,22.6,215,21.9,232,57 : 43,"46,846",28%,33.7,Computer Science,/world-university-rankings/monash-university
University of Murcia,,Spain,11,University of Murcia,131331,251–300,2780,master_account,76.0,167,38.0,256,38.9,235,34.6–38.0,2780,10.9,288,23.2,222,61 : 39,"30,623",6%,15.3,Computer Science,/world-university-rankings/university-murcia
National Cheng Kung University (NCKU),,Taiwan,11,National Cheng Kung University (NCKU),885,251–300,2790,master_account,35.5,294,58.4,65,18.5,297,34.6–38.0,2790,36.3,126,37.9,107,36 : 64,"21,337",11%,14.4,Computer Science,/world-university-rankings/national-cheng-kung-university-ncku
"National University of Ireland, Galway nui nui galway",,Ireland,0,"National University of Ireland, Galway",842,251–300,2800,master_account,81.6,141,40.9,192,66.5,116,34.6–38.0,2800,11.9,284,16.5,281,57 : 43,"13,898",18%,26.6,Computer Science,/world-university-rankings/national-university-ireland-galway
National Taiwan University of Science and Technology (Taiwan Tech),,Taiwan,6,National Taiwan University of Science and Technology (Taiwan Tech),793,251–300,2810,master_account,55.8,269,45.3,127,24.1,286,34.6–38.0,2810,27.1,187,25.0,202,32 : 68,"7,981",13%,18.7,Computer Science,/world-university-rankings/national-taiwan-university-science-and-technology-taiwan-tech
University of Newcastle,,Australia,0,University of Newcastle,757,251–300,2820,master_account,72.4,191,38.6,240,89.2,35,34.6–38.0,2820,11.8,285,11.0,299,55 : 45,"22,921",17%,22.0,Computer Science,/world-university-rankings/university-newcastle
Norwegian University of Science and Technology,,Norway,0,Norwegian University of Science and Technology,729,251–300,2830,master_account,62.3,242,38.8,233,60.1,143,34.6–38.0,2830,22.1,220,24.7,204,46 : 54,"21,571",11%,16.9,Computer Science,/world-university-rankings/norwegian-university-science-and-technology
Old Dominion University,,United States,0,Old Dominion University,847,251–300,2840,public,75.3,172,4.0,301,44.5,208,34.6–38.0,2840,22.7,212,17.3,274,54 : 46,"19,148",3%,19.7,Computer Science,/world-university-rankings/old-dominion-university
The Open University,,United Kingdom,0,The Open University,959,251–300,2850,master_account,70.4,204,37.1,283,59.2,146,34.6–38.0,2850,18.2,248,19.4,259,61 : 39,"67,357",8%,33.0,Computer Science,/world-university-rankings/open-university
University of Ottawa,,Canada,0,University of Ottawa,649,251–300,2860,master_account,52.4,275,42.3,164,91.1,31,34.6–38.0,2860,25.4,194,22.5,229,59 : 41,"35,177",17%,25.6,Computer Science,/world-university-rankings/university-ottawa
University of Padua,,Italy,0,University of Padua,708,251–300,2870,master_account,82.5,134,40.0,210,40.8,227,34.6–38.0,2870,5.9,301,17.0,276,55 : 45,"62,218",4%,30.8,Computer Science,/world-university-rankings/university-padua
University of Parma,,Italy,0,University of Parma,131545,251–300,2880,master_account,92.0,61,37.2,281,27.8,274,34.6–38.0,2880,8.4,293,16.4,282,56 : 44,"24,307",6%,27.6,Computer Science,/world-university-rankings/university-parma
Qatar University,,Qatar,11,Qatar University,131534,251–300,2890,master_account,57.1,268,44.6,135,99.8,1,34.6–38.0,2890,24.3,200,15.9,286,73 : 27,"13,342",42%,17.6,Computer Science,/world-university-rankings/qatar-university
Queen’s University,,Canada,0,Queen’s University,639,251–300,2900,master_account,57.6,266,45.2,129,66.7,115,34.6–38.0,2900,21.6,224,22.1,231,57 : 43,"21,227",12%,22.7,Computer Science,/world-university-rankings/queens-university
RMIT University RMIT Australia Melbourne,,Australia,0,RMIT University,915,251–300,2910,master_account,66.1,229,41.6,175,87.2,42,34.6–38.0,2910,8.4,294,23.8,212,47 : 53,"31,465",25%,17.2,Computer Science,/world-university-rankings/rmit-university
University of Rovira i Virgili,,Spain,0,University of Rovira i Virgili,968,251–300,2920,master_account,76.1,165,38.2,254,43.2,214,34.6–38.0,2920,10.3,290,21.9,233,59 : 41,"12,604",10%,12.6,Computer Science,/world-university-rankings/university-rovira-i-virgili
Sabancı University,,Turkey,1,Sabancı University,1021,251–300,2930,master_account,66.9,225,44.4,137,33.4,257,34.6–38.0,2930,24.6,198,20.0,252,41 : 59,"3,247",9%,20.0,Computer Science,/world-university-rankings/sabanci-university
University of Salerno,,Italy,0,University of Salerno,589196,251–300,2940,master_account,91.1,70,40.6,201,28.3,273,34.6–38.0,2940,14.6,270,10.7,301,60 : 40,"37,230",1%,51.4,Computer Science,/world-university-rankings/university-salerno
University of Texas at San Antonio,,United States,0,University of Texas at San Antonio,761,251–300,2950,public,78.3,159,37.5,271,42.5,216,34.6–38.0,2950,14.3,275,20.3,246,49 : 51,"25,945",6%,25.8,Computer Science,/world-university-rankings/university-texas-san-antonio
Tohoku University,,Japan,6,Tohoku University,584,251–300,2960,master_account,35.6,293,50.0,93,35.7,248,34.6–38.0,2960,34.7,137,36.8,116,26 : 74,"17,494",10%,5.5,Computer Science,/world-university-rankings/tohoku-university
TU Dortmund University,,Germany,0,TU Dortmund University,131317,251–300,2970,master_account,64.3,237,44.2,141,38.9,236,34.6–38.0,2970,22.3,217,19.1,263,45 : 55,"32,870",10%,99.6,Computer Science,/world-university-rankings/tu-dortmund-university
Ulsan National Institute of Science and Technology (UNIST),,South Korea,6,Ulsan National Institute of Science and Technology (UNIST),623271,251–300,2980,master_account,74.1,180,68.4,47,50.3,189,34.6–38.0,2980,18.3,245,12.8,295,28 : 72,"4,046",7%,14.3,Computer Science,/world-university-rankings/ulsan-national-institute-science-and-technology-unist
Utrecht University utrecht  utrecht university,,Netherlands,6,Utrecht University,532,251–300,2990,master_account,51.4,276,93.1,14,61.9,137,34.6–38.0,2990,24.5,199,24.2,209,59 : 41,"31,522",7%,15.2,Computer Science,/world-university-rankings/utrecht-university
Waseda University,,Japan,0,Waseda University,862,251–300,3000,master_account,28.3,301,40.1,208,37.1,244,34.6–38.0,3000,34.9,135,42.7,84,36 : 64,"49,840",8%,15.8,Computer Science,/world-university-rankings/waseda-university
University of Wollongong UOW University of Wollongong Australia,,Australia,6,University of Wollongong,740,251–300,3010,master_account,58.5,263,38.5,245,93.1,26,34.6–38.0,3010,15.9,259,23.1,224,50 : 50,"16,947",24%,27.0,Computer Science,/world-university-rankings/university-wollongong
